Nazwa|Cena|Miasto|Dzielnica|Stan nieruchomości|Pow. całkowita|Piętro|Liczba pięter|Liczba poziomów mieszkania|Liczba sypialni|Typ kuchni|Liczba łazienek|łazienka razem z WC|Balkon|Depozyt za wynajem|Dodatkowe koszty|Rynek|Typ budynku|Data dodania|Aktualizacja|Numer ogłoszenia|Liczba odsłon|Liczba Punktów Podbić|Stolarka okienna|Wysokość wnętrza|Rok budowy|Ogrzewanie|Rodzaj umowy|Materiał budowlany|Pow. łazienki|Pow. balkonu|Taras|Dostępne od|Forma własności|Stan budynku|Pow. tarasu|Pow. ogródka|Pow. użytkowa|Typ nieruchomości|Lokalizacja garażu|Okres wynajmu|Cena do negocjacji
Przepiękny apartament w sercu Gdyni, Batorego|4 500 zł|Gdynia M., |Gdynia, |Idealny|56,50 m²|5/5|5|2|1|Aneks kuchenny|2|Tak|Tak|6000|900|Wtórny|Apartamentowiec|07.11.2023|07.11.2023|morizon-DFI-MW-1385|237|75|||||||||||||||||||
Baltiq Plaza, balkon, hala, wysoki standard|4 500 zł|Gdynia M., |Gdynia, |Wysoki standard|60 m²||||1|Aneks kuchenny|1|Tak|Tak||1400|Wtórny|Apartamentowiec|12.12.2023|12.12.2023|morizon-DFI-MW-1401|227|74|||||||||||||||||||
Damroki, balkon, przytulne, cicha okolica|2 200 zł|Gdynia M., |Gdynia, ||47,60 m²|2/4|4||||||Tak||880|Wtórny|Budynek wielorodzinny|02.04.2024|02.04.2024|morizon-DFI-MW-1428|107|73|PCV||||||||||||||||||
Koperkowa, przytulne, balkon, cicha okolica|2 100 zł|Gdynia M., |Gdynia, ||55 m²|1/2|2||1|Aneks kuchenny|1|Tak|Tak|2100|450|Wtórny|Apartamentowiec|26.03.2024|26.03.2024|morizon-DFI-MW-1427|217|73|PCV||||||||||||||||||
Maestro, nowoczesne, jasne, dwa miejsca w hali|3 600 zł|Gdynia M., |Gdynia, |Idealny|43,50 m²|2/3|3||1|Aneks kuchenny|1||Tak||1000|Wtórny|Apartamentowiec|21.02.2024|21.02.2024|morizon-DFI-MW-1419|219|73|Nowe drewniane|280 cm|2016|C.O. miejskie|||||||||||||||
Pomorska, oddzielna kuchnia, balkon, bezczynszowe|2 400 zł|Gdynia M., |Gdynia, |Dobry|60 m²||||1|Jasna z oknem||Tak|Tak|3200||Wtórny|Kamienica|17.01.2024|17.01.2024|morizon-DFI-MW-1410|275|73|PCV||||||||||||||||||
Nowy gdyński apartament, wysoki standard|5 000 zł|Gdynia, |Śródmieście, ||48 m²|3/4|4||1||||Tak|||Wtórny|Apartamentowiec|22.03.2024|03.04.2024|morizon-WH866665|150|72|||2023|Co Miejskie|Na wyłączność|YTong|||||||||||||
Gdynia 3 - pokojowe Pustki Cisowskie Osiedle Zamek 89 m2|2 800 zł|Gdynia, |Pustki Cisowskie-Demptowo, |Dobry|89 m²|2/3|3|2||Otwarta|1|Tak|Tak|||Wtórny|Blok|12.04.2024|12.04.2024|morizon-PO01905|1|40||260 cm|1993|||Zróżnicowany|14 m²|8 m²|Nie|01.06.2024|Własność|Bardzo dobry|||||||
APARTAMENT Z WIDOKIEM NA MARINĘ W NADMORSKIM SERCU|21 600 zł|Gdynia, |Śródmieście, ||84 m²|1/4|4|1|||||Tak|||Wtórny|Apartamentowiec|27.09.2022|17.11.2023|morizon-605863|3 173|35|||2020|Co Miejskie|||||||||||||||
2-pokojowe mieszkanie w Gdy. Leszczynki|2 500 zł|Gdynia, |Leszczynki, ||35 m²||3|||Brak|1||Nie|||Wtórny||06.04.2024|10.04.2024|morizon-ZA016488|63|30||||C.o. miejskie|||||Nie||Własność|Do zamieszkania|||||||
Gdynia Grabówek, 3 pok, miejsce parkingowe|2 290 zł|Gdynia, |Grabówek, ||64,40 m²|1/3|3|||||||||Wtórny||20.12.2023|03.04.2024|morizon-8026/1621/OMW|1 063|27|||1970||Na wyłączność||||||||||||||
Gdynia ul. Legionów, Kaskada Redłowska 6p, 2 pok|2 200 zł|Gdynia, |Redłowo, ||43,56 m²|6/12|12|||||||||Wtórny||19.01.2024|06.04.2024|morizon-8775/1621/OMW|701|27|||2003||||||||||||||||
Studenci/pracujący/Witomino 2 pok./kuchnia/parking|2 100 zł|Gdynia, |Konwaliowa||49 m²|4/4|4|||||||||Wtórny||11.12.2023|12.04.2024|morizon-7716/1621/OMW|1 246|27|||1998||||||||||||||||
"Widok na zatokę | Gdynia Orłowo | przestrzeń"|7 000 zł|Gdynia, |Orłowo, ||76,08 m²|5/5|5|1|1|||||||Wtórny|Apartamentowiec|25.01.2024|02.04.2024|morizon-961513|546|26|||2011|Co Miejskie|||||Tak|01.03.2024|||||||||
"WYNAJEM | Jasne mieszkanie dla ceniących wygodę"|6 500 zł|Gdynia, |Śródmieście, ||50 m²|1/17|17|1|1|||||||Wtórny|Apartamentowiec|06.01.2024|11.04.2024|morizon-146021|346|26|||2020|Co Miejskie|||||Tak|21.12.2023|||||||||
Lux apartament z tarasem 40m z jacuzzi, widok na zatokę, Kamienna Góra, plaża|11 000 zł|Gdynia, |Kamienna Góra|Wysoki standard|115 m²|2/2|2|2||Otwarta|2|Tak|Tak|||Wtórny|Apartamentowiec|19.03.2024|08.04.2024|morizon-1|196|25|||||Na wyłączność|Cegła|17 m²||Tak|19.03.2024||Bardzo dobry|40 m²|160 m²|||||
Mieszkanie w kamiency 3 min od Bulwaru|5 600 zł|Gdynia, |Kamienna Góra, |Bardzo dobry|84 m²||2|2||Osobna||Tak|Nie|||Wtórny|Kamienica|25.03.2024|25.03.2024|morizon-1538537970|230|25|||1933|Gazowe|||||Nie|Kwiecień 2024|||||||||
Mieszkanie na wynajem w super lokalizacji|2 000 zł|Gdynia, |Śródmieście, ||53 m²|2/6|6|||||||||Wtórny||22.03.2024|22.03.2024|morizon-1538490956|442|25||||||||||Od zaraz|||||||||
Mieszkanie 2 Pokojowe|1 900 zł|Gdynia, |Witomino, |Bardzo dobry|36 m²|1/4|4||||||Nie|||Wtórny|Blok|16.03.2024|08.04.2024|morizon-1537610849|761|25|||1970|Biomasa|||||Nie|Kwiecień 2024|||||||||
Apartament Lux -do wynajęcia|3 900 zł|Gdynia, |Kamienna Góra, ||60 m²|4/5|5|||||||||Wtórny||04.04.2024|04.04.2024|morizon-1538581462|48|25||||||||||Od zaraz|||||||||
Piękne mieszkanie nad morzem, z ogrodem|5 600 zł|Gdynia, |Kamienna Góra, ||84 m²||2|||||||||Wtórny||11.04.2024|11.04.2024|morizon-1538625539|32|25||||||||||Od zaraz|||||||||
Nowe 3 pokojowe mieszkanie w kameralnej zabudowie|3 800 zł|Gdynia, |Wielki Kack, |Do wprowadzenia|80 m²||1|||||||||Wtórny|Nowe budownictwo|05.04.2024|05.04.2024|morizon-25784|58|19|Nowe PCV||2022|Własne gazowe|||||||||||||||
Apartament przy rezerwacie Kacze Łęgi, Orłowa|3 600 zł|Gdynia, |Mały Kack|Po remoncie|50 m²||||||||Tak|||Wtórny|Piętro domu|06.04.2024|06.04.2024|morizon-827966|87|19|Częściowo wymienione||1987|Własne dla budynku|||||||||||||||
komfortowe 4 pokojowe mieszkanie z 2 miejscami postojowymi w hali garażowej|2 950 zł|Gdynia, |Pustki Cisowskie, |Do wprowadzenia|72 m²|2/3|3||||||Tak|||Wtórny|Nowe budownictwo|05.04.2024|05.04.2024|morizon-25781|74|19|Nowe PCV||2018|Miejskie|||||||||||||||
Do wynajęcia 43 m|2 000 zł|Gdynia, |Wielki Kack, ||43 m²|2/3|3||||||Tak|||Wtórny|Blok|08.04.2024|08.04.2024|morizon-827970|93|19||||Miejskie|||||||||||||||
WYNAJMĘ MIESZKANIE|2 000 zł|Gdynia, |Grabówek, |Do wprowadzenia|54 m²|3/3|3||||||Tak|||Wtórny|Kamienica|29.03.2024|29.03.2024|morizon-827897|250|19|Nowe PCV||1965|Miejskie|||||||||||||||
Gdynia, Kazimierza Górskiego, Studio|5 400 zł|Gdynia, |Kazimierza Górskiego||40 m²|13/15|15||1|Aneks|1||Tak|1000||Wtórny||10.04.2024|11.04.2024|morizon-283|18|15|||||Na wyłączność|||||10.04.2024|||||||||
Nowoczesne mieszkanie Mały Kack od kwietnia|2 600 zł|Gdynia M., |Gdynia|Bardzo dobry|50 m²|1/5|5||1|Aneks kuchenny - połączony z salonem||Tak|Tak|5200|500|Wtórny|Nowe budownictwo|21.02.2024|06.04.2024|morizon-SML-MW-2626|448|11|PCV|255 cm|2017|C.O. miejskie||Nowa cegła||16 m²||01.04.2024|Jeden właściciel||||||||
Mieszkanie 2-pokojowe Gdynia , Plan Unii, Władysława IV/17|4 000 zł|Gdynia, |Władysława IV|Dobry|30 m²|5/10|10||2|Aneks||Tak|Tak|1000||Wtórny|Blok|02.02.2024|10.04.2024|morizon-97|292|10|PCV|||Inne|Na wyłączność|Inny||||08.04.2024|Inny||||||||
Opis nieruchomości|2 800 zł|Gdynia, |Wielki Kack, ||78 m²|4/4|4|2|||||Tak|||Wtórny|Blok Mieszkalny|03.04.2024|03.04.2024|morizon-MG358087|41|4||||Co Miejskie||Konstrukcja mieszana||||02.04.2024|||||||||
"Mieszkanie 63 m2 | 3 pokojowe | Balkon | Ładne"|2 500 zł|Gdynia, |Karwiny, ||63 m²|4/4|4|1|||||Tak|||Wtórny|Blok Mieszkalny|12.03.2024|12.04.2024|morizon-MG856794|98|4|||1986|Co Miejskie||Wielka płyta|||||||||||||
Atrakcyjne mieszkanie 83m2 na wynajem|4 000 zł|Gdynia, |Oksywie, ||83 m²|3/3|3|2|3||||Tak|||Wtórny||23.07.2023|30.10.2023|morizon-MG340008|374|4|||2013|||||||01.09.2023|||||||||
Przestronna kawalerka blisko PKP! Uniw. Morski|2 200 zł|Gdynia, |Grabówek, |WYSOKI STANDARD|37,20 m²|3/4|4|||||||||Wtórny|NISKI BLOK|09.04.2024|12.04.2024|morizon-8937/1621/OMW|39|2|||1950||Na wyłączność||||||WŁASNOŚĆ||||||||
Mieszkanie z widokiem na port, Gdynia Obłuże|2 500 zł|Gdynia, |Obłuże, |WYSOKI STANDARD|51 m²|11/11|11||||||Tak|||Wtórny|WIEŻOWIEC|05.04.2024|05.04.2024|morizon-7798/1621/OMW|99|2|||1980||Na wyłączność|WIELKA PŁYTA|||||||||||||
Słoneczne mieszkanie 3-pokojowe! Winda! Chylonia|2 000 zł|Gdynia, |Chylonia, |DOBRY|46,50 m²|4/10|10|||ODDZIELNA||||||Wtórny|WIEŻOWIEC|08.03.2024|12.04.2024|morizon-8880/1621/OMW|347|2|||1971||Na wyłączność|WIELKA PŁYTA|||||||||||||
Dąbrowa, duże 3 pok., parter|3 000 zł|Gdynia, |Dąbrowa, ||68 m²||4||||||Tak|||Wtórny|Blok Mieszkalny|16.03.2024|02.04.2024|morizon-646084|216|2|||1995||Na wyłączność||||||||||||||
Przestronne mieszkanie Gdynia Dąbrowa, 3 pokoje|2 400 zł|Gdynia, |Dąbrowa, ||56 m²|4/4|4|||||||||Pierwotny||08.03.2024|29.03.2024|morizon-8875/1621/OMW|413|2|||1990||||||||||||||||
Reja/blisko SKM/3 niezależne duże pokoje|2 900 zł|Gdynia, |Wzgórze Św. Maksymiliana, ||74 m²|3/3|3|||||||||Wtórny||15.02.2024|12.04.2024|morizon-7627/1621/OMW|614|2|||1940||Na wyłączność||||||||||||||
2 Pokoje W Dobrej Lokalizacji Świetna Komunikacja|2 100 zł|Gdynia, |Cisowa, ||44,90 m²|1/4|4||||||Tak|||Wtórny|Blok Mieszkalny|29.03.2024|08.04.2024|morizon-PAN674357|286|1||||Co Miejskie|Na wyłączność|Konstrukcja mieszana|||||||||||||
Wynajem, 2 pokoje, Gdynia-Wielki Kack|2 400 zł|Gdynia, |Wielki Kack, ||39,49 m²|1/3|3||1||||Tak|||Wtórny|Blok Mieszkalny|26.03.2024|11.04.2024|morizon-PAN231160|121|1|||2001|Co Miejskie|Na wyłączność|Konstrukcja mieszana|||Nie||||||||||
56 m2, jasne i przestronne, nowe budownictwo|2 500 zł|Gdynia, |Dąbrowa, ||56 m²|1/3|3||||||Tak|||Wtórny|Blok Mieszkalny|12.03.2024|13.03.2024|morizon-PAN155009|179|1||||Co Miejskie||YTong|||||||||||||
Centrum Gdynia Orłowo - pl. Górnośląski|4 990 zł|Gdynia, |Orłowo, ||105 m²|2/3|3||||||Tak|||Wtórny|Kamienica|12.10.2023|10.04.2024|morizon-PAN338766|320|1|||2009|Co Miejskie|Na wyłączność|Inne|||Nie|09.10.2023|||||||||
BIURO 102m2 NA ŚWIĘTOJAŃSKIEJ|5 000 zł|Gdynia, |Śródmieście, ||102,60 m²|1/4|4||||||Nie|||Wtórny|Kamienica|29.03.2024|29.03.2024|morizon-PAN278366|86|1|||1930|Co Miejskie||Cegła||||25.03.2024|||||||||
Zwierzęta mile widziane :) Od zaraz|2 600 zł|Gdynia, |Pogórze, ||60 m²|4/4|4||2||||Tak|||Wtórny|Blok Mieszkalny|19.02.2024|19.02.2024|morizon-PAN143699|258|1|||1980|Co Miejskie||Wielka płyta|||Nie||||||||||
2 pokoje od zaraz w centrum miasta|2 300 zł|Gdynia, |Działki Leśne, ||44,20 m²|4/5|5|1|||||Tak|||Wtórny|Blok Mieszkalny|16.09.2023|04.03.2024|morizon-PAN298779|597|1|||1960|Co Miejskie|Na wyłączność|Cegła|||||||||||||
4pok. apartament z garażem w Orłowie|10 000 zł|Gdynia, |Orłowo, ||100 m²|1/2|2||||||Tak|||Wtórny|Dom Wielorodzinny|20.08.2023|05.01.2024|morizon-PAN896050|545|1||||Gazowe|Na wyłączność|Cegła||||16.08.2023|||||||||
Mieszkanie - Redłowo|1 500 zł|Gdynia, |Redłowo, ||32 m²||2|||||||||Wtórny|Kamienica|04.04.2024|04.04.2024|morizon-WIL955570|144|1|||1936|Co Własne|Na wyłączność|Cegła||||04.04.2024|||||||||
2 pokojowe mieszkanie z ogródkiem|2 500 zł|Gdynia, |Fikakowo, ||50 m²||5|1|1|||||||Wtórny||26.01.2024|07.03.2024|morizon-NN449974|450|1|||||Na wyłączność||||||||||||||
2 pokoje z widokiem na las Gdynia Karwiny|3 000 zł|Gdynia, |Karwiny, ||43 m²|3/9|9||1||||Tak|||Wtórny|Blok Mieszkalny|19.03.2024|19.03.2024|morizon-TY275168|126|0|||2008|Co Miejskie|Na wyłączność|Pustak|||||||||||||
2 pokoje na wynajem widok na las Działki Leśne|3 900 zł|Gdynia, |Działki Leśne||58,30 m²|2/3|3|1|1||||Tak|||Wtórny|Blok Mieszkalny|11.04.2024|11.04.2024|morizon-WH118775|13|0|||2023|Gazowe||Silikat|||Tak|01.12.2023|||||||||
2 pokoje na wynajem z ogrodem Działki Leśne|4 500 zł|Gdynia, |Działki Leśne||59,38 m²||3|1|1|||||||Wtórny|Blok Mieszkalny|11.04.2024|11.04.2024|morizon-WH530276|12|0|||2023|Gazowe||Silikat||||01.12.2023|||||||||
2 pokoje z ogrodem obok lasu Gdynia Działki Leśne|4 500 zł|Gdynia, |Działki Leśne||58,88 m²||3|1|1|||||||Wtórny|Blok Mieszkalny|11.04.2024|11.04.2024|morizon-WH555448|11|0|||2023|Gazowe||Silikat||||01.12.2023|||||||||
Mieszkanie Gdynia Bulwar Nadmorski|4 500 zł|Gdynia, |Kamienna Góra, ||82,37 m²|2/3|3||1||||Tak|||Wtórny|Kamienica|11.04.2024|11.04.2024|morizon-DH401539|13|0||||Co Miejskie||Cegła||||08.06.2023|||||||||
Nowy apartament z dwoma tarasami 45m2 i 25m2|4 999 zł|Gdynia, |Śródmieście, ||60 m²|6/6|6|1|2||||Tak|||Wtórny|Apartamentowiec|09.04.2024|09.04.2024|morizon-DH695018|25|0|||2020|Co Miejskie|||||Tak|27.11.2023|||||||||
3 pokoje na wynajem Gdynia Działki Leśne obok lasu|5 000 zł|Gdynia, |Działki Leśne||70 m²|1/3|3|1|2||||Tak|||Wtórny|Blok Mieszkalny|11.04.2024|11.04.2024|morizon-WH751562|11|0|||2023|Gazowe||Silikat||||01.12.2023|||||67,13 m²||||
3 pokoje z 50 m2 tarasem z widokiem na zatokę|5 500 zł|Gdynia, |Działki Leśne, ||85 m²|3/3|3||2||||Tak|||Wtórny|Blok Mieszkalny|11.04.2024|11.04.2024|morizon-WH902541|11|0|||2011|Gazowe||Cegła|||Tak||||||||||
4 pokoje na wynajem Działki Leśne obok lasu|7 000 zł|Gdynia, |Działki Leśne||97,27 m²|1/3|3|1|3||||Tak|||Wtórny|Blok Mieszkalny|11.04.2024|11.04.2024|morizon-WH292228|11|0|||2023|Gazowe||Silikat||||01.12.2023|||||||||
Gdynia, Działki Leśne, 2 pokoje, widok na las|2 500 zł|Gdynia, |Działki Leśne, ||42 m²|1/4|4||2||||Tak|||Wtórny|Blok Mieszkalny|29.03.2024|02.04.2024|morizon-WH602626|142|0|||1980|Co Miejskie||Cegła||||29.03.2024|||||||||
4-pokojowy apartament, osiedle Ogrody Tesoro/ parking w cenie|4 500 zł|Gdynia, |Pogórze, |Bardzo dobry|72 m²|1/1|1|1||Otwarta|1|Tak|Tak|||Wtórny|Inna|09.04.2024|09.04.2024|morizon-47|26|0||300 cm|2022|Gazowe||Pustak||||01.05.2024|Własność|Bardzo dobry|||||||
Idealne mieszkanie dla studentów lub młodej pary|2 850 zł|Gdynia, |Śródmieście, ||34,40 m²|2/4|4|||||||||Wtórny|Kamienica|09.04.2024|12.04.2024|morizon-WH647471|36|0|||1936|Co Miejskie|Na wyłączność|Inne|||||||||||||
3 pokoje Gdynia Wzgórze św.Maksymiliana|3 200 zł|Gdynia, |Wzgórze Św. Maksymiliana, ||90,40 m²|2/2|2|2|2|||||||Wtórny|Dom Wielorodzinny|24.03.2024|05.04.2024|morizon-TY782386|80|0|||2001|Elektryczne|Na wyłączność|Pustak||||02.04.2024|||||||||
Prestiżowa nieruchomość, parking, patio, komfort|2 600 zł|Gdynia, |Śródmieście, |Bardzo dobry|35,60 m²|2/8|8||1|Aneks||Tak||3000||Wtórny|Apartamentowiec|27.03.2024|27.03.2024|morizon-2960|151|0|PCV|250 cm|2007|Miejskie|Na wyłączność|Zróżnicowany||||15.04.2024|Własność||||||||
Opis nieruchomości|2 800 zł|Gdynia, |Mały Kack, ||56 m²|1/3|3|||||||||Wtórny|Blok Mieszkalny|25.03.2024|27.03.2024|morizon-PH220975|118|0|||2007|Co Miejskie|Na wyłączność||||||||||||||
Mieszkanie w przystępnej cenie do wynajęcia - Dzia|2 000 zł|Gdynia, |Działki Leśnie, ||49 m²|1/4|4|||Osobna|1||Nie|||Wtórny||04.04.2024|03.04.2024|morizon-OR016334|54|0|||1953|C.o. miejskie|||||Nie||Własność|Dobry|||||||
"Komfortowe Mieszkanie 2 Pokojowe z Dużym Ogródkiem | Garaż | Chwarzno Wiczlino"|2 300 zł|Gdynia, |Chwarzno-Wiczlino|Bardzo dobry|44 m²||3|||Aneks kuchenny|1|||||Wtórny||11.04.2024|11.04.2024|morizon-23167|1|0|||2021||||||||Własność||||||||
Dwupokojowe mieszkanie na nowym osiedlu|2 400 zł|Gdynia, |Chwarzno-Wiczlino, ||38,83 m²|2/3|3||1||||Tak|||Wtórny|Blok Mieszkalny|29.03.2024|29.03.2024|morizon-TY102639|114|0|||2013|Co Własne||Pustak|||||||||||||
Przytulne mieszkanie z tarasem Kameralna Mały Kack|2 600 zł|Gdynia, |Mały Kack, ||50 m²|1/3|3|||Półotwarta|1||Nie|||Wtórny||01.04.2024|31.03.2024|morizon-GB06034|136|0|||2018|C.o. miejskie|||||Tak||Własność|Bardzo dobry|||||||
Nowe 2 pokojowe Gdynia Grabówek z garażem|2 400 zł|Gdynia, |Grabówek, ||32,70 m²|1/3|3||1||||Tak|||Wtórny||12.04.2024|12.04.2024|morizon-784538|1|0|||2023|||||||12.04.2024|||||||||
Wysoki standard z tarasem i miejscem postojowym|2 500 zł|Gdynia, |Orłowo, |BARDZO WYSOKI STANDARD|32,68 m²|3/3|3|||ANEKS KUCHENNY||||||Wtórny||30.03.2024|11.04.2024|morizon-4773/3685/OMW|124|0||||C.O. WŁASNE|Na wyłączność||||||WŁASNOŚĆ||||||||
3 pokoje Mały Kack kameralne osiedle|3 800 zł|Gdynia, |Mały Kack, ||64 m²|1/2|2||2||||Tak|||Wtórny|Apartamentowiec|03.04.2024|11.04.2024|morizon-WH519819|70|0|||2010|Gazowe||Cegła|||||||||||||
Nowe i nowoczesne 2-pok.mieszkanie na os.Signum|2 900 zł|Gdynia, |Pogórze, ||44 m²|7/8|8|1|||||Tak|||Wtórny|Apartamentowiec|09.04.2024|11.04.2024|morizon-DJ989792|26|0|||2020|Co Miejskie||||||15.05.2024|||||||||
Apartament 3 pokojowy na wynajem Gdynia Mały Kack|3 000 zł|Gdynia, |Mały Kack, ||62,44 m²||1|||Półotwarta|1||Tak|||Wtórny||10.04.2024|11.04.2024|morizon-OR016339|45|0|||2009|Gazowe||||2 m²|Nie||Własność|Bardzo dobry|||||||
Komfort, styl, design - tylko 6 min. od morza|4 200 zł|Gdynia, |Śródmieście, ||42 m²|10/17|17||1||||Tak|||Wtórny|Apartamentowiec|20.03.2024|09.04.2024|morizon-EC540753|144|0|||2023|Co Miejskie|Na wyłączność||||||||||||||
2 pokoje z ogrodem/blisko SKM/Gdynia Działki Leśne|4 500 zł|Gdynia, |Działki Leśne||58,88 m²||3||1||||Nie|||Wtórny|Apartamentowiec|15.03.2024|18.03.2024|morizon-DH601178|122|0|||2023|Co Miejskie|||||Tak|01.12.2023|||||||||
"REZERWACJA! | 2 pokoje | Witomino"|2 400 zł|Gdynia, |Kielecka|DOBRY|56 m²|2/4|4|||OTWARTA|1|||||Wtórny|APARTAMENTOWIEC|22.03.2024|09.04.2024|morizon-4743/3685/OMW|173|0||253 cm|2002|C.O. Z SIECI MIEJSKIEJ|||||||WŁASNOŚĆ||||||||
Opis nieruchomości|2 900 zł|Gdynia, |Śródmieście, ||42 m²|2/14|14||1|||||||Wtórny|Blok Mieszkalny|15.01.2024|15.01.2024|morizon-Portova Relax|133|0|||2020|Co Miejskie|Na wyłączność||||||||||||||
Kawalerka w ścisłym centrum Gdyni z antresolą|2 000 zł|Gdynia, |Śródmieście, ||30 m²|4/5|5|||Aneks||Tak||||Wtórny|Kamienica|15.03.2024|15.03.2024|morizon-gratka-33768357|269|0||||||||||15.03.2024|||||||||
Odświeżona kawalerka przy Uniwersytecie Morskim|2 000 zł|Gdynia, |Grabówek, ||33 m²|1/4|4|||||||||Wtórny|Blok Mieszkalny|13.03.2024|20.03.2024|morizon-TY700211|183|0|||1960|Co Miejskie|||||||||||||||
Gdynia, mieszkanie w sercu miasta|3 000 zł|Gdynia, |Śródmieście, |WYSOKI STANDARD|48 m²|2/10|10|||Z OKNEM|1||Tak|||Wtórny|BLOK|28.03.2024|29.03.2024|morizon-48846/2089/OMW|108|0||260 cm||C.O. Z SIECI MIEJSKIEJ|Na wyłączność|||||01.04.2024|||||||||
Opis nieruchomości|3 500 zł|Gdynia, |Pustki Cisowskie, |Wysoki standard|71 m²|2/4|4||||||Tak||500|Wtórny||02.04.2024|02.04.2024|morizon-568|77|0|||1993|Miejskie|Na wyłączność|Cegła||||||||||Mieszkanie|||
2 pokoje z ogrodem/blisko SKM/Gdynia Działki Leśne|4 500 zł|Gdynia, |Działki Leśne||59,38 m²||3||1||||Nie|||Wtórny|Apartamentowiec|15.03.2024|15.03.2024|morizon-DH363013|119|0|||2023|Co Miejskie|||||Tak|01.12.2023|||||||||
Na wynajem - 2 pokoje na osiedlu Tarasy Gdyni|2 000 zł|Gdynia, |Bronisława Dembińskiego||36 m²|2/4|4||||||Tak|||Wtórny||30.03.2024|06.04.2024|morizon-741064|150|0|||2014|||||||03.04.2024|||||||||
Nowe przytulne mieszkanie Gdynia/ Pogórze osiedle Konstelacja|2 900 zł|Gdynia, |Pogórze, ||44 m²|2/3|3|||Aneks||Tak|Tak|||Wtórny|Blok|20.03.2024|27.03.2024|morizon-gratka-33865157|228|0|||2024|||Beton|||||||||||||
3 pokoje, Gdynia Dąbrowa 2900 zł/mc|2 900 zł|Gdynia, |Dąbrowa, ||58,10 m²|2/4|4||2||||Tak|||Wtórny|Blok Mieszkalny|20.02.2024|21.02.2024|morizon-TY390983|234|0|||2006|Co Miejskie|||||||||||||||
Przytulne 2 pok. M. w centrum Gdyni|3 200 zł|Gdynia, |Śródmieście, ||47,90 m²|1/4|4||||||Tak|||Wtórny||10.04.2024|10.04.2024|morizon-ABC174947|25|0|||||Na wyłączność||||||||||||||
Nowe mieszkanie, wysoki standard, Gdynia Centrum|4 000 zł|Gdynia, |Śródmieście, ||58 m²|2/6|6||1||||Tak|||Wtórny|Apartamentowiec|08.03.2024|12.04.2024|morizon-DH667195|178|0|||2022|Co Miejskie||||||01.05.2024|||||||||
Duża , rozkładowa kawalerka|1 700 zł|Gdynia, |Grabówek, |Po odświeżeniu|38,70 m²|2/2|2||1|Widna||Tak||2000||Wtórny|Kamienica|03.04.2024|10.04.2024|morizon-2891|93|0|PCV|255 cm|1968|CO. z własnej kotłowni||Cegła|||||Własność||||||||
Najem długoterminowy - niezależne 2 pokoje|2 300 zł|Gdynia, |Witomino, ||42,50 m²|4/10|10||2||||Tak|||Wtórny|Blok Mieszkalny|12.03.2024|24.03.2024|morizon-451156111|188|0||||Co Miejskie|Na wyłączność|Wielka płyta||||18.12.2023|||||||||
Wygodne 3 pokoje Gdynia 52 m2|2 600 zł|Gdynia, |Morska||52 m²|6/10|10|||||||||Wtórny|WIEŻOWIEC|12.04.2024|12.04.2024|morizon-13022/3877/OMW|1|0|||1980||||||||||||||||
Mieszkanie w luksusowym osiedlu na Ogrodach Tesoro|3 200 zł|Gdynia, |Pogórze, ||57 m²|1/1|1||2||||Tak|||Wtórny|Dom Wielorodzinny|18.03.2024|11.04.2024|morizon-GOF593669|174|0|||2022|Co Miejskie||Inne|||||||||||||
2 - POKOJOWY APARTAMENT W CENTRUM GDYNI|2 600 zł|Gdynia, |Działki Leśne, |BARDZO WYSOKI STANDARD|47 m²|||||ANEKS KUCHENNY|1||Tak|||Wtórny|APARTAMENTOWIEC|20.02.2024|04.04.2024|morizon-48577/2089/OMW|247|0||280 cm||C.O. Z SIECI MIEJSKIEJ|Na wyłączność|||||19.02.2024|WŁASNOŚĆ||||||||
Biuro z mieszkaniem dla pracowników Gdynia Dąbrowa|4 000 zł|Gdynia, |Dąbrowa, ||145 m²||1|2||||||||Wtórny|Dom Wielorodzinny|29.03.2024|05.04.2024|morizon-DJ197469|87|0||||Gazowe||||||28.03.2024|||||110 m²||||
Gdynia Witomino, 2 pokoje, balkon, piwnica|2 000 zł|Gdynia, |Witomino-Radiostacja, ||42,54 m²|2/4|4|1|||||Tak|||Wtórny|Blok Mieszkalny|08.03.2024|01.04.2024|morizon-TY619594|228|0|||1965|Co Miejskie||||||07.03.2024|||||||||
Do wynajęcia - 3 pokoje Gdynia Fikakowo|3 300 zł|Gdynia, |Fikakowo, ||75 m²|2/3|3||2||||Tak|||Wtórny|Blok Mieszkalny|04.04.2024|04.04.2024|morizon-352128|50|0|||2001|Co Miejskie|Na wyłączność||||||||||||||
Idealne centrum|3 400 zł|Gdynia, |Śródmieście, |Bardzo dobry|58 m²|1/3|3||||||Tak|||Wtórny||04.03.2024|04.03.2024|morizon-10750231|297|0|||||Na wyłączność||||Nie||Własność||||||||
Komfortowe 2-pok. mieszkanie na Dąbrowie|2 100 zł|Gdynia, |Dąbrowa, ||43 m²|2/3|3|1||||||||Wtórny|Blok Mieszkalny|02.03.2024|12.04.2024|morizon-DJ589143|291|0||||Co Miejskie||||||02.03.2024|||||||||
Słoneczne 2 pokojowe mieszkanie Gdynia Fikakowo|2 400 zł|Gdynia, |Wielki Kack, ||46 m²|1/3|3||1||||Tak|||Wtórny||10.04.2024|10.04.2024|morizon-225872|26|0|||||Na wyłączność|||||09.04.2024|||||||||
Mieszkanie - Gdynia Karwiny|1 800 zł|Gdynia, |Karwiny, ||48,30 m²|2/4|4|||Półotwarta|1||Tak|||Wtórny||02.04.2024|02.04.2024|morizon-H006213|201|0||||C.o. miejskie|Na wyłączność||||Nie||(Nieznany)|Dobry|||||||
"Mieszkanie 2 Pokojowe z Dużym Balkonem | Gdynia | Chwarzno Wiczlino"|2 100 zł|Gdynia, |Chwarzno-Wiczlino|Bardzo dobry|39 m²|||||Aneks kuchenny|1|||||Wtórny||10.04.2024|09.04.2024|morizon-23159|39|0|||2020||||||||Własność||||||||
Słoneczne mieszkanie na Witomienie|2 600 zł|Gdynia, |Witomino, |Dobry|58 m²|3/9|9|||Osobna||Tak|Tak|||Wtórny|Blok|03.04.2024|03.04.2024|morizon-gratka-34150247|43|0|||1990|||Beton||||08.04.2024|||||||||
Sea Towers - dwa balkony, hala, komórka|6 000 zł|Gdynia M., |Gdynia, |Idealny|97 m²|9/23|23||2|Aneks kuchenny|1|Tak|Tak||1600|Wtórny|Apartamentowiec|22.03.2024|22.03.2024|morizon-DFI-MW-1426|165|0|Drewniane||||||||||Jeden właściciel||||||||
Nowe! W pełni umeblowane, dwustronne, 2-pokojowe|2 400 zł|Gdynia, |Pogórze, |BARDZO WYSOKI STANDARD|45,50 m²|3/3|3|||ANEKS KUCHENNY|1||Tak|||Wtórny|NISKI BLOK|20.03.2024|12.04.2024|morizon-66/9733/OMW|165|0|||2023|C.O. Z SIECI MIEJSKIEJ||BLOCZKI||||01.04.2024|WŁASNOŚĆ||||||||
Nowe przytulne mieszkanie Gdynia/ Pogórze osiedle Konstelacja|2 900 zł|Gdynia, |Pogórze, ||44 m²|3/3|3|||Aneks||Tak|Tak|||Wtórny|Blok|20.03.2024|27.03.2024|morizon-gratka-33865107|219|0|||2024|||Beton||||20.03.2024|||||||||
Mieszkanie - Gdynia Chylonia|3 400 zł|Gdynia, |Chylonia, ||65 m²|2/2|2|||Brak|||Tak|||Wtórny||19.03.2024|22.03.2024|morizon-DB09811|155|0||||Gazowe|Na wyłączność||||Nie||Własność|Bardzo dobry|||||||
Doskonała lokalizacja, blisko centrum|3 500 zł|Gdynia, |Redłowo, ||70 m²|6/8|8|1|2||||Tak|||Wtórny|Blok Mieszkalny|27.02.2024|23.03.2024|morizon-PN583245|209|0|||2010|Co Miejskie|Na wyłączność|Konstrukcja mieszana||||01.04.2024|||||||||
Bez prowizji! Mieszkanie 5-pokoi Gdynia Puszczyka|3 609 zł|Gdynia, |Puszczyka|WYSOKI STANDARD|107,41 m²|3/3|3|||||||||Pierwotny|NISKI BLOK|18.03.2024|18.03.2024|morizon-71/14488/OMW|173|0|||2019|||CEGŁA||||18.03.2024|INNA||||||||
Centrum Gdyni - przestronne lokum dla rodziny|4 000 zł|Gdynia, |Śródmieście, ||87,95 m²|4/5|5||2|||||||Wtórny|Kamienica|12.03.2024|14.03.2024|morizon-NN236469|190|0|||1952|Co Miejskie|Na wyłączność|Cegła||||01.03.2024|||||||||
Przestronne mieszkanie 2 pokojowe Gdynia|1 900 zł|Gdynia, |Wzgórze Św. Maksymiliana, ||48 m²|2/3|3|||||||||Wtórny||09.04.2024|09.04.2024|morizon-190766|76|0|||||||||||||||||||
Mieszkanie 2 pokoje przy SKM, z klimatem ,widoki|2 650 zł|Gdynia, |Śródmieście, |WYSOKI STANDARD|55,60 m²|||||ODDZIELNA|1||Tak|||Wtórny|KAMIENICA|18.02.2024|29.03.2024|morizon-48598/2089/OMW|252|0|||||Na wyłączność|||||01.03.2024|WŁASNOŚĆ||||||||
Gdynia Mały Kack, 2 pokoje + miejsce parkingowe|2 300 zł|Gdynia, |Mały Kack, ||46,70 m²|1/4|4||1||||Tak|||Wtórny|Blok Mieszkalny|19.01.2024|06.04.2024|morizon-TY241801|202|0|||2010|Co Miejskie||Pustak|||||||||||||
Trzy pokojowe mieszkanie gotowe do zamieszkania|3 000 zł|Gdynia, |Karwiny, |WYSOKI STANDARD|59,40 m²|2/4|4|||ODDZIELNA|1||Tak|||Wtórny|NISKI BLOK|12.03.2024|12.03.2024|morizon-48749/2089/OMW|138|0||||C.O. Z SIECI MIEJSKIEJ|Na wyłączność|||||04.03.2024|SPÓŁDZIELCZE WŁASNOŚCIOWE Z KW||||||||
3pok mieszkanie na wynajem Gdynia Kamienna Góra|5 000 zł|Gdynia, |Kamienna Góra, ||84 m²||2|1||||||||Wtórny|Apartamentowiec|26.03.2024|10.04.2024|morizon-DJ961261|126|0|||1936|Gazowe||Cegła||||26.03.2024|||||||||
2 pokoje w bloku z windą, 46m, Orląt Lwowskich|2 000 zł|Słupsk, |Orląt Lwowskich|BARDZO WYSOKI STANDARD|45,90 m²|4/10|10|||ODDZIELNA||||||Wtórny|WIEŻOWIEC|05.03.2024|11.04.2024|morizon-101/5403/OMW|198|0||||C.O. Z SIECI MIEJSKIEJ|||||||WŁASNOŚĆ||||||||
Wynajem mieszkania|2 200 zł|Gdynia, |Chylonia, ||27 m²||5|||||||||Wtórny|Blok|29.03.2024|29.03.2024|morizon-gratka-34061271|124|0|||||||||||||||||||
Mieszkanie 3 pokojowe Gdynia Witomino|3 000 zł|Gdynia, |Witomino, ||54 m²|3/4|4||||||Tak|||Wtórny||11.04.2024|11.04.2024|morizon-965680|13|0|||||||||||||||||||
Gdynia Wielki Kack Fikakowo Mieszkanie 2 pokojowe z Ogrodem|2 200 zł|Gdynia, |Wielki Kack, ||48 m²||4|||||Tak||||Wtórny|Dom wielorodzinny|24.03.2024|10.04.2024|morizon-gratka-33946071|172|0|||||||||Tak||||||||||
Orłowo - dwa pokoje|2 500 zł|Gdynia, |Orłowo, ||60 m²|1/2|2||1||||Tak|||Wtórny|Kamienica|04.03.2024|29.03.2024|morizon-775681|145|0|||2002|Co Własne|Na wyłączność|||||01.04.2024|||||||||
Kawalerka tuż przy Gdyńskim Bulwarze|2 200 zł|Gdynia, |Wzgórze Św. Maksymiliana, ||26,68 m²|4/9|9|||Brak|1||Tak|||Wtórny||04.04.2024|04.04.2024|morizon-SB01912|33|0|||1995|C.o. miejskie|Na wyłączność||||Nie|22.03.2024|Spółdzielcze własnościowe z KW|Dobry|||||||
2 pokoje z widokiem na morze - Gdynia Witomino|2 600 zł|Gdynia, |Witomino, ||40 m²|4/6|6|1|1||||Tak|||Wtórny|Blok Mieszkalny|28.02.2024|10.04.2024|morizon-CP27457401|73|0|||2021|Co Miejskie|Na wyłączność|Konstrukcja mieszana||||01.03.2024|||||||||
2 niezależne pokoje, 47 m2|1 800 zł|Gdynia, |Oksywie, ||47 m²|1/3|3|||||||||Wtórny|Kamienica|27.02.2024|11.04.2024|morizon-DH759158|257|0||||Co Miejskie|Na wyłączność|||||27.02.2024|||||||||
Bez prowizji! Mieszkanie 3 pokoje Gdynia Puszczyka|2 291 zł|Gdynia, |Puszczyka|WYSOKI STANDARD|64,08 m²|2/3|3|||||||||Pierwotny|NISKI BLOK|18.03.2024|18.03.2024|morizon-68/14488/OMW|170|0|||2019|||CEGŁA||||18.03.2024|INNA||||||||
Sadyba Orłowska|3 000 zł|Gdynia, |Orłowo, |Idealny|50 m²||3|||Połączona z salonem|1||Tak|||Wtórny|Apartamentowiec|28.02.2024|28.02.2024|morizon-10740231|149|0|||2008||Na wyłączność||||Nie||Własność||||||Pod budynkiem|Do uzgodnienia|
Pięknie wykończone|3 200 zł|Gdynia, |Działki Leśne, ||42 m²|3/5|5||1||||Tak|||Wtórny|Blok Mieszkalny|29.12.2023|31.03.2024|morizon-DH929036|123|0|||1960|Co Miejskie||||||31.01.2024|||||||||
Mieszkanie 2 pokojowe Gdynia Śródmieście|2 150 zł|Gdynia, |Śródmieście, ||49 m²|4/5|5||||||Tak|||Wtórny||11.04.2024|11.04.2024|morizon-814274|20|0|||||||||||||||||||
Mieszkanie - Gdynia Redłowo|3 600 zł|Gdynia, |Redłowo, ||56 m²|1/4|4|||Brak|1||Nie|||Wtórny||16.03.2024|15.03.2024|morizon-HL0927|49|0|||2022|Kotłownia lokalna|||||Tak||Własność|Wysoki standard|||||||
Bez prowizji Kawalerka Kacze Buki Gdynia Puszczyka|1 406 zł|Gdynia, |Puszczyka|WYSOKI STANDARD|33,35 m²||3|||||||||Pierwotny|NISKI BLOK|18.03.2024|19.03.2024|morizon-69/14488/OMW|292|0|||2019|||CEGŁA||||18.03.2024|INNA||||||||
Przytulna kawalerka w doskonałej lokalizacji|1 900 zł|Gdynia, |Działki Leśne, ||25 m²|5/10|10|||||||||Wtórny|Blok Mieszkalny|11.01.2024|08.04.2024|morizon-TY345888|309|0|||1980|Co Miejskie||||||01.02.2024|||||||||
Bez prowizji! Mieszkanie 2 pokoje Gdynia Puszczyka|2 372 zł|Gdynia, |Puszczyka|WYSOKI STANDARD|57,56 m²|2/3|3|||||||||Pierwotny|NISKI BLOK|18.03.2024|18.03.2024|morizon-70/14488/OMW|127|0|||2019|||CEGŁA||||18.03.2024|INNA||||||||
Atkakcyjne, z dużym balkonem, Gdynia Dąbrowa|1 850 zł|Gdynia, |Dąbrowa, ||41 m²|3/4|4||||||Tak|||Wtórny||31.01.2024|25.03.2024|morizon-Aa757920|118|0|||||Na wyłączność|||||01.04.2024|||||||||
Komfortowe 2 pokoje w cichej okolicy|1 900 zł|Gdynia, |Pogórze, |WYSOKI STANDARD|43,40 m²|3/4|4|||ODDZIELNA|1||Tak|||Wtórny|NISKI BLOK|20.02.2024|04.04.2024|morizon-48616/2089/OMW|289|0||250 cm|1985|C.O. Z SIECI MIEJSKIEJ|Na wyłączność|WIELKA PŁYTA||||01.04.2024|WŁASNOŚĆ||||||||
Mieszkanie - Gdynia Wielki Kack|2 000 zł|Gdynia, |Wielki Kack, ||43,40 m²||3|||Półotwarta|1||Tak|||Wtórny||27.03.2024|26.03.2024|morizon-CN0766|162|0|||1989|C.o. miejskie|||||Nie||Własność||||||||
"Dwukondygnacyjne mieszkanie | Grabówek, Gdynia"|3 500 zł|Gdynia, |Hugo Kołłątaja||84 m²|3/4|4||||||Tak|||Wtórny|NISKI BLOK|07.03.2024|09.04.2024|morizon-65/9733/OMW|182|0||||||||||07.03.2024|||||||||
Mieszkanie - Gdynia Pustki Cisowskie Demptowo|1 750 zł|Gdynia, |Pustki Cisowskie   Demptowo, ||35 m²|1/4|4|||Osobna|1||Tak|||Wtórny||23.03.2024|22.03.2024|morizon-DB09791|191|0|||1983|C.o. miejskie|Na wyłączność|||5,67 m²|Nie||Własność|Dobry|||||||
Mieszkanie - Gdynia Mały Kack|1 900 zł|Gdynia, |Mały Kack, ||70 m²||2|||Półotwarta|1||Nie|||Wtórny||05.04.2024|04.04.2024|morizon-KE06334|123|0||||Gazowe|||||Nie||(Nieznany)|Bardzo dobry|||||||
21,87 m2 – umeblowane blisko bulwaru i SKM|2 000 zł|Gdynia, |Wzgórze Św. Maksymiliana, |BARDZO WYSOKI STANDARD|21,87 m²|2/2|2|||ANEKS KUCHENNY|1|||||Wtórny|KAMIENICA|13.02.2024|09.04.2024|morizon-8/7963/OMW|481|0||260 cm|2022|C.O. Z SIECI MIEJSKIEJ|Na wyłączność|CEGŁA|||||||||||||
Gdynia ul. Komandorska blisko Akademia Morska, SKM|2 200 zł|Gdynia, |Grabówek, ||37 m²|3/4|4|||Osobna|1||Nie|||Wtórny||11.04.2024|12.04.2024|morizon-KE06338|28|0|||1970|C.o. miejskie|||||Nie||Własność|Bardzo dobry|||||||
nowy apartament, miejsce postojowe w cenie, Ogrody Tesoro|4 700 zł|Gdynia, |Pogórze, ||80 m²|1/1|1|2||Otwarta|1|Tak|Tak|||Wtórny||07.04.2023|09.03.2024|morizon-36|745|0|||2023|Gazowe|Na wyłączność|Zróżnicowany|||Tak|09.12.2023|Własność|Bardzo dobry|||||||
Apartament z imponującym tarasem i widokiem|5 500 zł|Gdynia, |Działki Leśne, ||85 m²|3/3|3|||||||||Wtórny|Apartamentowiec|10.11.2023|19.03.2024|morizon-DH885387|215|0|||2017|Co Miejskie|||||Tak|01.12.2023|||||||||
Gdynia ul. Gryfa Pomorskiego.Komfortowe studio|1 300 zł|Gdynia, |Wielki Kack, ||16 m²|2/2|2|||Brak|1||Nie|||Wtórny||04.04.2024|04.04.2024|morizon-KE06332|93|0||||Gazowe|||||Nie||Własność|Wysoki standard|||||||
Mieszkanie 2 pok Gdynia Śródmieście|2 200 zł|Gdynia, |Śródmieście, ||53,96 m²|4/4|4|||||||||Wtórny||11.03.2024|11.04.2024|morizon-682840|163|0|||||||||||||||||||
Na wynajem 3 pokojowe mieszkanie w Centrum Gdyni|2 900 zł|Gdynia, |Śródmieście, ||57 m²|4/10|10|1|2||||Tak|||Wtórny|Wieżowiec|26.10.2023|07.02.2024|morizon-PN784861|419|0|||1970|Co Miejskie||Wielka płyta|||||||||||||
Piękne, klasyczne mieszkanie - ścisłe centrum|4 900 zł|Gdynia, |Śródmieście, ||116 m²|2/4|4|1|3||||Tak|||Wtórny|Kamienica|12.01.2024|04.04.2024|morizon-PN693128|177|0|||1930|Co Miejskie||Cegła||||11.01.2024|||||||||
Komfortowa kawalerka w Gdyni Małym Kacku|2 300 zł|Gdynia, |Mały Kack, ||34 m²||3|||Aneks|1|||||Wtórny|Blok|05.04.2024|05.04.2024|morizon-MW0060|250|0|||2017|Inna|Na wyłączność|Pustak|||Tak||Własność||||||||
Orłowo 2 Pokoje blisko morza i Sopotu|3 600 zł|Gdynia, |Orłowo, ||40 m²|1/3|3||1||||Tak|||Wtórny|Apartamentowiec|10.11.2023|02.04.2024|morizon-DH461084|148|0|||2023|Co Miejskie||||||09.11.2023|||||||||
Działki leśne - 3 pokoje - wysoki standard|5 000 zł|Gdynia, |Działki Leśne, ||67,13 m²|1/3|3||2||||Tak|||Wtórny|Apartamentowiec|11.12.2023|17.03.2024|morizon-DH849923|171|0|||2023|Co Miejskie||||||05.12.2023|||||||||
Pokoje dla pracowników Gdynia Chylonia, stocznia|5 000 zł|Gdynia, |Cisowa, ||60,01 m²|1/11|11||||||Tak|||Wtórny|Wieżowiec|05.09.2023|09.04.2024|morizon-DH667278|206|0|||1985|Co Miejskie||Wielka płyta||||11.09.2023|||||||||
Przytulna kawalerka na Chyloni|1 700 zł|Gdynia, |Chylonia, ||38 m²||4|1|||||Tak|||Wtórny|Blok Mieszkalny|14.02.2024|11.04.2024|morizon-DJ515055|480|0||||Co Miejskie||||||11.04.2024|||||||||
Nieumeblowane 2-pok. mieszkanie na Karwinach|2 300 zł|Gdynia, |Karwiny, ||49 m²|2/4|4|1|||||Tak|||Wtórny|Blok Mieszkalny|20.02.2024|10.03.2024|morizon-DJ906639|229|0||||Co Miejskie||||||30.01.2024|||||||||
Rodzinne,przytulne gniazdko w Gdyni na wynajem|2 600 zł|Gdynia, |Pogórze, ||53 m²|7/10|10||2||||Tak|||Wtórny||08.01.2024|12.04.2024|morizon-283251|406|0|||1980||||||||||||||||
Do wynajęcia 2-pokojowe w Gdyni|2 950 zł|Gdynia, |Kamienna Góra, ||35 m²|3/4|4|||||||||Wtórny||16.12.2023|09.04.2024|morizon-Aa882970|228|0|||1960||Na wyłączność|||||01.06.2024|||||||||
Kawalerka na Płycie Redłowskie, VII p. super widok|1 600 zł|Gdynia, |Redłowo, ||25 m²|7/10|10|||Brak|||Nie|||Wtórny||04.04.2024|10.04.2024|morizon-520390|79|0||||C.o. miejskie|||||Nie||Własność||||||||
Aktualne- bez prowizji|2 000 zł|Gdynia, |Grabówek, ||39,12 m²|4/4|4||||||Tak|||Wtórny||16.01.2024|25.03.2024|morizon-NA639235|155|0|||1974||||||||||||||||
OD ZARAZ 46m2 Gdynia, blisko centrum|2 800 zł|Gdynia, |Działki Leśne, |WYSOKI STANDARD|46 m²|1/3|3|||||||||Wtórny|NISKI BLOK|12.12.2023|10.04.2024|morizon-48224/2089/OMW|143|0||||C.O. GAZOWE|Na wyłączność|||||08.04.2024|WŁASNOŚĆ||||||||
2 pokojowy apartament premium z widokiem na las|3 900 zł|Gdynia, |Działki Leśne, ||58,30 m²|1/3|3||1||||Tak|||Wtórny|Apartamentowiec|08.12.2023|14.03.2024|morizon-DH229205|148|0|||2023|Co Miejskie||||||08.12.2023|||||||||
Gdynia ul.Huzarska.Kawalerka z tarasem|1 600 zł|Gdynia, |Redłowo, ||24 m²||2|||Półotwarta|1||Nie|||Wtórny||19.03.2024|09.04.2024|morizon-KE06330|217|0||||Gazowe|||||Tak||Własność|Wysoki standard|||||||
Mieszkanie - Gdynia Wielki Kack|1 800 zł|Gdynia, |Wielki Kack, ||39,70 m²||3|||Półotwarta|1||Nie|||Wtórny||29.12.2023|08.04.2024|morizon-TH01243|425|0|||2005|C.o. miejskie|||||Nie||Własność|Bardzo dobry|||||||
Mieszkanie - Gdynia Orłowo|1 950 zł|Gdynia, |Orłowo, ||27 m²|3/3|3|||Wnęka|1||Nie|||Wtórny||03.04.2024|02.04.2024|morizon-MO04162|90|0|||1950|C.o. miejskie|||||Nie||Własność|Bardzo dobry|||||||
Mieszkanie w centrum miasta z ogródkiem|3 400 zł|Gdynia, |Śródmieście, |Bardzo dobry|37,88 m²||6|1||Półotwarta|1|Tak|Nie|||Wtórny|Apartamentowiec|14.01.2024|21.02.2024|morizon-MA05063|335|0||300 cm|2020|C.o. miejskie|Na wyłączność|Cegła|||Tak|13.02.2024|Własność|Bardzo dobry||20 m²|||||
"Apartament 2-pokojowy| Awanport | Centrum Gdyni"|4 200 zł|Gdynia M., |Gdynia, |Wysoki standard|62 m²||||1|||||||Wtórny|Apartamentowiec|30.01.2024|30.01.2024|morizon-BHN-MW-4011-1|177|0|||2020||||||||||||||||
Komfortowe mieszkanie przy ul. Śląskiej|2 500 zł|Gdynia, |Działki Leśne, ||65 m²|2/4|4||||||Nie|||Wtórny|Kamienica|09.02.2024|09.02.2024|morizon-PFE979770|181|0||||Gazowe|||||Nie||||||||||
Nowe 2-pokojowe mieszkanie na os.Sceneria Parkowa|3 500 zł|Gdynia, |Mały Kack, ||47 m²|1/3|3|1|||||Tak|||Wtórny|Blok Mieszkalny|20.03.2024|20.03.2024|morizon-DJ239282|104|0|||2023|Gazowe||Pustak||||20.03.2024|||||||||
2 pokojowy aprtament z widokiem na las/ Gdynia|3 900 zł|Gdynia, |Działki Leśne||58,30 m²|2/3|3||1|||||||Wtórny|Apartamentowiec|05.12.2023|12.03.2024|morizon-DH157772|142|0|||2023|Co Miejskie|||||Tak|01.12.2023|||||||||
4 pokojowy apartament z widokiem na Zatokę|7 000 zł|Gdynia, |Działki Leśne||97,27 m²|1/3|3||3|||||||Wtórny|Apartamentowiec|05.12.2023|24.02.2024|morizon-DH746558|186|0|||2023|Co Miejskie|||||Tak|01.12.2023|||||||||
Kawalerka tuż przy Gdyńskim Bulwarze|2 200 zł|Gdynia, |Wzgórze Św. Maksymiliana, ||26,68 m²|4/9|9|||Brak|1||Tak|||Wtórny||21.03.2024|25.03.2024|morizon-SB01911|114|0|||1995|C.o. miejskie|Na wyłączność||||Nie|22.03.2024|Spółdzielcze własnościowe z KW|Dobry|||||||
2-poziomowy penthouse w centrum Gdyni|4 500 zł|Gdynia, |Śródmieście, ||56,35 m²|5/5|5|1|||||Tak|||Wtórny|Apartamentowiec|18.09.2023|19.03.2024|morizon-DJ404076|254|0|||2019|Co Miejskie||Cegła||||19.03.2024|||||||||
Mieszkanie - Gdynia Cisowa|1 850 zł|Gdynia, |Cisowa, ||45 m²|Suterena/4|4|||Osobna|1||Tak|||Wtórny||20.02.2024|18.03.2024|morizon-NY018285|222|0|||1974|C.o. miejskie|||||Nie||(Nieznany)|Dobry|||||||
OD ZARAZ kawalerka Gdynia Działki Leśne, centrum|1 900 zł|Gdynia, |Działki Leśne, |WYSOKI STANDARD|33 m²|1/3|3|||ODDZIELNA||||||Wtórny|KAMIENICA|12.12.2023|21.03.2024|morizon-48223/2089/OMW|447|0||||C.O. GAZOWE|Na wyłączność|||||12.12.2023|WŁASNOŚĆ||||||||
Gdynia Centrum ul.Bema. Zadbana kawalerka|2 000 zł|Gdynia, |Śródmieście, ||28,50 m²|2/10|10|||Osobna|1||Tak|||Wtórny||23.03.2024|27.03.2024|morizon-KE06331|184|0||||C.o. miejskie|||||Nie||Własność|Bardzo dobry|||||||
Posiadamy do wynajęcia bardzo atrakcyjne mieszkani|2 300 zł|Gdyński, |Gdynia, ||42 m²|3/10|10|||Brak|1||Tak|||Wtórny||06.03.2024|06.03.2024|morizon-JJ02523|236|0||||C.o. miejskie|Na wyłączność||||Nie||Własność|Wysoki standard|||||||
Witomino - mieszkanie|2 000 zł|Gdynia, |Witomino, ||30 m²|||||OTWARTA||||||Wtórny|WIEŻOWIEC|29.02.2024|13.03.2024|morizon-96/260/OMW|129|0||||||||||29.02.2024|WŁASNOŚĆ||||||||
Opis nieruchomości|2 000 zł|Gdynia, |Oksywie, ||50 m²||4|||||||||Wtórny||16.01.2024|07.03.2024|morizon-482887|405|0|||||||||||||||||||
"Śródmieście | 54m2 | Taras 35m2 |200 m od morza"|4 200 zł|Gdynia, |Śródmieście, ||54 m²|5/5|5||||1|||||Wtórny|APARTAMENTOWIEC|07.08.2023|27.12.2023|morizon-8051/1998/OMW|323|0|||2019|C.O. Z SIECI MIEJSKIEJ|Na wyłączność|MIESZANY||||01.01.2024|||||||||
Mieszkanie - Gdynia Działki Leśne|1 850 zł|Gdynia, |Działki Leśne, ||32 m²|3/5|5||||||Nie|||Wtórny|Kamienica|10.01.2024|12.04.2024|morizon-PFE972002|306|0||||Co Miejskie|||||Nie||||||||||
Urokliwy apartament w Orłowie|3 700 zł|Gdynia, |Orłowo, |Wysoki standard|42 m²|1/3|3|||Aneks||Tak||||Wtórny|Apartamentowiec|04.03.2024|11.04.2024|morizon-gratka-33584365|386|0|||2023||||||Tak|01.03.2024|||||||||
Opis nieruchomości|4 000 zł|Gdynia, |Warszawska||82 m²|1/2|2|||||||||Wtórny||30.11.2023|12.02.2024|morizon-1716/4021/OMW|278|0|||2019|||||||01.12.2023|WŁASNOŚĆ||||||||
Mieszkanie dwupokojowe z balkonem - 56 m2|2 000 zł|Gdynia, |Działki Leśne, ||56 m²|2/4|4||||||Tak|||Wtórny||08.01.2024|10.04.2024|morizon-NA295638|266|0|||1954|||||||08.01.2024|||||||||
Orłowska Bryza, hala, balkon, blisko morza|5 000 zł|Gdynia M., |Gdynia, |Bardzo dobry|83 m²||||2|Aneks kuchenny - połączony z salonem|1|Tak|Tak||1200|Wtórny||23.01.2024|23.01.2024|morizon-DFI-MW-1412|186|0|||||||||||||||||||
Przytulne 2-pokojowe mieszkanie w Gdyni Cisowej|2 500 zł|Gdynia, |Cisowa, |WYSOKI STANDARD|37,21 m²|1/4|4|||ANEKS KUCHENNY|1||Tak|||Wtórny|NISKI BLOK|12.02.2024|15.02.2024|morizon-48569/2089/OMW|186|0||240 cm||C.O. Z SIECI MIEJSKIEJ|Na wyłączność||||||WŁASNOŚĆ||||||||
Sea Towers, dwupokojowe, widok na morze, balkon|4 600 zł|Gdynia M., |Gdynia, |Bardzo dobry|60 m²||||1|Aneks kuchenny|1|Tak|Tak||1100|Wtórny|Wieżowiec|06.10.2023|06.10.2023|morizon-DFI-MW-1375|324|0|DREWNIANE NOWY TYP|||||Beton|||||||||||||
Sea Towers - widokiem na morze, hala, komórka|6 000 zł|Gdynia M., |Gdynia, |Bardzo dobry|64 m²||||1|Aneks kuchenny|1|Tak||||Wtórny|Apartamentowiec|20.09.2023|20.09.2023|morizon-DFI-MW-1364|298|0|Drewniane|285 cm|2009|C.O. miejskie|||||||||||||||
Sea Towers, dwupoziomowy penthouse z tarasem|15 500 zł|Gdynia M., |Gdynia, |Bardzo dobry|110 m²|27/28|28|2|2|Aneks kuchenny - połączony z jadalnią|||||2000|Wtórny|Apartamentowiec|12.07.2023|29.08.2023|morizon-DFI-MW-1276|335|0|Drewniane|285 cm|2009|C.O. miejskie|||||Tak||Jeden właściciel||||||||
Przestronny apartament, 107 m2 - Źródło Marii - wolne od zaraz|3 700 zł|Gdynia, |Wielki Kack|Bardzo dobry|107 m²|3/3|3|||Aneks kuchenny|1|||||Wtórny||29.08.2023|20.03.2024|morizon-423119|400|0|||2010||||||||Własność||||||||
2 pok mieszkanie Gdynia Karwiny|2 300 zł|Gdynia, |Karwiny, ||48,20 m²|1/4|4|1|||||Tak|||Wtórny|Blok Mieszkalny|27.01.2024|27.01.2024|morizon-DJ261781|263|0|||1981|Co Miejskie||Wielka płyta||||01.03.2024|||||||||
Mieszkanie - Gdynia Wielki Kack|2 300 zł|Gdynia, |Wielki Kack, ||51 m²|1/4|4|||Półotwarta|1||Tak|||Wtórny||30.10.2023|20.02.2024|morizon-IB07204|245|0|||2007|C.o. miejskie||||4 m²|Nie||Własność|Bardzo dobry|||||||
APARTAMENT przy Parku Krajobrazowym , blisko UM|2 300 zł|Gdynia, |Grabówek, ||40 m²|3/5|5||||||Tak|||Wtórny|Blok Mieszkalny|15.10.2023|03.01.2024|morizon-795370|278|0||||Co Miejskie|Na wyłączność|||||15.10.2023|||||||||
3 pok. mieszkanie wynajem Karwiny|2 600 zł|Gdynia, |Karwiny, ||59,40 m²||4|1|||||Tak|||Wtórny|Blok Mieszkalny|29.10.2023|06.03.2024|morizon-DJ427944|360|0|||1986|Co Miejskie||Wielka płyta||||27.02.2024|||||||||
2 pokojowe atrakcyjne mieszkanie w Gdyni|3 500 zł|Gdynia, |Grabówek, ||40 m²|3/7|7|1|1||||Tak|||Wtórny|Blok Mieszkalny|22.01.2024|22.01.2024|morizon-DJ790802|91|0||||Co Miejskie||||||22.01.2024|||||||||
Mieszkanie z tarasem|4 550 zł|Gdynia, |Orłowo, |Wysoki standard|57 m²|1/2|2|1||Otwarta||Nie|Nie|||Wtórny|Apartamentowiec|16.03.2024|16.03.2024|morizon-1538459936|253|0|||2014||||||Tak|Kwiecień 2024|||||||||
Moderna, przestronne mieszkanie pod biuro|6 000 zł|Gdynia M., |Gdynia, |Bardzo dobry|79,50 m²||||||||Tak|12000|1000|Wtórny|Kamienica|01.09.2023|01.09.2023|morizon-DFI-MW-1355|165|0|||||||||||||||||||
3 pokojowy apartament z widokiem na zatokę|7 000 zł|Gdynia, |Wzgórze Św. Maksymiliana, ||76 m²|12/16|16||||||Tak|||Wtórny|Blok Mieszkalny|16.10.2023|05.01.2024|morizon-WH443393|275|0|||2022|Co Miejskie|Na wyłączność|Cegła|||Tak||||||||||
Mieszkanie - Gdynia Pustki Cisowskie Demptowo|2 500 zł|Gdyński, |Gdynia, ||61,70 m²||6|||Osobna|1|Nie|Tak|||Wtórny||09.01.2024|12.03.2024|morizon-LZ02037|322|0|||2005|C.o. miejskie|Na wyłączność||||Nie||Własność|Do zamieszkania|||||||
2-pok.mieszkanie z ogródkiem na Małym Kacku|2 700 zł|Gdynia, |Mały Kack, ||38 m²||3|1||||||||Wtórny|Dom Wielorodzinny|23.08.2023|07.03.2024|morizon-DJ352630|250|0|||1980|Gazowe||||||26.01.2024|||||||||
Mieszkanie dwupokojowe blisko estakady|2 000 zł|Gdynia, |Leszczynki, ||42 m²||1|||Aneks||Tak|Nie|||Wtórny|Kamienica|13.11.2023|06.03.2024|morizon-NA649064|266|0|||1950|Podłogowe||Cegła|||Nie|||Bardzo dobry|||||||
Sea Towers, widok na Zatokę, hala, jasne|7 500 zł|Gdynia M., |Gdynia, ||93 m²|20/36|36|||||||||Wtórny||15.09.2023|15.09.2023|morizon-DFI-MW-1358|361|0|||||||||||||||||||
Gdynia Redłowo -2 pokoje z oddzielną kuchnią|2 200 zł|Gdynia, |Redłowo, |Bardzo dobry|46 m²|3/5|5|||Osobna||Tak|Tak|||Wtórny|Apartamentowiec|12.02.2024|28.03.2024|morizon-1538275340|673|0||260 cm|2000|Miejskie|||||Nie|Kwiecień 2024|||||||||Tak
Gdynia mieszkanie 3 pokoje|3 500 zł|Gdynia, |Wzgórze Św. Maksymiliana, ||64 m²|2/5|5||2|||||||Wtórny||25.11.2023|25.02.2024|morizon-DH995068|127|0|||1992||Na wyłączność|||||25.11.2023|||||||||
kawalerka w Centrum Gdyni|2 000 zł|Gdynia, |Działki Leśne, |Wysoki standard|27 m²|2/2|2|||Aneks||Tak||||Wtórny|Kamienica|11.08.2022|11.09.2022|morizon-gratka-27424293|3 629|0|||1935|||Cegła||||21.08.2022|||||||||
