Nazwa|Cena|Miasto|Dzielnica|Stan nieruchomości|Pow. całkowita|Wysokość wnętrza|Liczba pięter|Liczba poziomów mieszkania|Typ kuchni|Liczba łazienek|Pow. łazienki|łazienka razem z WC|Balkon|Pow. balkonu|Taras|Pow. tarasu|Rynek|Forma własności|Cena do negocjacji|Typ budynku|Materiał budowlany|Rok budowy|Stan budynku|Data dodania|Aktualizacja|Numer ogłoszenia|Liczba odsłon|Liczba Punktów Podbić|Pow. użytkowa|Piętro|Liczba sypialni|Rodzaj umowy|Ogrzewanie|Dostępne od|Pow. ogródka|Stolarka okienna|Typ nieruchomości|Dodatkowe koszty|Pow. loggii
Polna , Sopot apartament|2 400 000 zł|Sopot, |Dolny, |Bardzo dobry|76,50 m²|300 cm|3|1|Aneks|1|9 m²|Tak|Tak|9 m²|Tak|12 m²|Wtórny|Własność|Tak|Apartamentowiec|Cegła|2015|Bardzo dobry|09.04.2024|09.04.2024|morizon-152|51|0|||||||||||
3 pokoje w Sopocie- second home/inwestycja|1 329 000 zł|Sopot, |Tadeusza Kościuszki||58 m²||2|1|||||||||Wtórny|||Kamienica|Cegła|1928||02.10.2023|28.12.2023|morizon-WH936797|889|254|57 m²|2/2|2|Na wyłączność|Gazowe||||||
Słoneczne mieszkanie idealne pod inwestycję|779 000 zł|Sopot, |Dolny Sopot, |Wysoki standard|30 m²||2||Osobna|||Tak|||||Wtórny|Własność||Kamienica|Cegła|1930||08.04.2024|08.04.2024|morizon-gratka-34213929|87|100||2/2||||09.04.2024|||||
Połowa domu w Górnym Sopocie ogród taras garaż|2 650 000 zł|Sopot, |Górny, ||105 m²||1||||||||Tak||Wtórny|||Kamienica|Cegła|1920||07.04.2023|28.02.2024|morizon-EC926966|2 573|53||1/1|2||Gazowe|07.04.2023|||||
Mieszkanie - Sopot Centrum|1 100 000 zł|Sopot, |Centrum, ||87,40 m²||2||Półotwarta|2|||Nie||Nie||Wtórny|Własność|||||Bardzo dobry|07.05.2020|06.07.2022|morizon-NY017934|4 649|30|||||Gazowe||||||
Spektakularny apartament w nowoczesnej willi|8 690 000 zł|Sopot, |Gen. Kazimierza Pułaskiego||200,11 m²||3|2|||||Tak||Tak||Wtórny|||Wolnostojący||2022||22.02.2024|04.04.2024|morizon-935319|1 039|26|178 m²|2/3||Na wyłączność|Gazowe|21.12.2023|||||
Dwupoziomowy apartament w sercu Dolnego Sopotu|3 400 000 zł|Sopot, |Gen. Kazimierza Pułaskiego||115,68 m²||2|2|||||Tak||Tak||Wtórny|||Apartamentowiec||2004||13.02.2024|04.04.2024|morizon-594316|524|26||2/2|3||Co Miejskie||||||
Trzypokojowy apartament z wygodnym tarasem|1 870 530 zł|Sopot, |Górny, ||78,90 m²||3|1|||||||||Wtórny|||Apartamentowiec|Konstrukcja mieszana|2023||08.01.2024|09.04.2024|morizon-175434|678|26|74,42 m²||2||Co Miejskie||||||
"Mieszkanie do remontu w kamienicy | Sopot Górny"|999 000 zł|Sopot, |Górny, ||66,10 m²||3|1|||||||||Wtórny|||Kamienica|Cegła|1890||27.02.2024|28.02.2024|morizon-211006|888|26||3/3|2||Gazowe||||||
Pakiet 5 apartamentów w Sopocie Dolnym|2 800 000 zł|Sopot, |Dolny, ||120 m²||2|1|||||Tak||Tak||Wtórny|||Kamienica|Cegła|1907||28.11.2023|11.04.2024|morizon-825132|1 546|26|||5|Na wyłączność|Co Własne|29.11.2023|||||
Apartamenty wakacyjne tuż przy sopockim molo|3 500 000 zł|Sopot, |Jana Jerzego Haffnera||160 m²||4|1|||||Tak||||Wtórny|||Kamienica|Cegła|1920||24.12.2021|05.04.2024|morizon-713465|5 745|26||2/4|9|Na wyłączność|Gazowe||||||
Apartament przy molo w Sopocie|4 200 000 zł|Sopot, |Dolny, ||175 m²||3|1|||||||||Wtórny|||Kamienica|Cegła|1901||13.07.2023|15.03.2024|morizon-965277|2 131|26||2/3|2|Na wyłączność|Co Własne||||||
Apartament z pięknym tarasem|3 543 204 zł|Sopot, |Dolny, ||105,60 m²||3|1|||||||||Wtórny|||Apartamentowiec|Konstrukcja mieszana|2018||11.12.2023|26.03.2024|morizon-994248879|758|26|99,91 m²|1/3|3||Co Miejskie|07.12.2023|||||
Apartament z ogródkiem - Sopot|972 047 zł|Sopot, |Świemirowo, ||49,40 m²||3||||||||Tak||Pierwotny|||Apartamentowiec||2024||03.04.2024|05.04.2024|morizon-EC446521|57|25|||1||||||||
Górny Sopot 2 pok. 45 m|899 000 zł|Sopot M., |Sopot, ||44,90 m²||2||Osobna|1|||Nie||Nie||Wtórny|Własność|||Różnorodny|1937|Do remontu|11.04.2024|12.04.2024|morizon-AK0916|50|25||||Na wyłączność|C.o. miejskie||||||
Mieszkanie w Sopocie, blisko plaży|975 000 zł|Sopot, |Karlikowo, ||53,10 m²||2||||||Tak||||Wtórny|||||1920||05.01.2024|06.04.2024|morizon-814100|1 216|25|42,34 m²|2/2||||15.09.2023|||||
Apartament w Sopocie – niecałe 300 metrów od morza|2 800 000 zł|Sopot, |Dolny, ||105,36 m²||3||Półotwarta|2|||Nie||Tak||Wtórny|(Nieznany)|||||Bardzo dobry|10.04.2024|09.04.2024|morizon-NY018303|34|25||||Na wyłączność|||||||
Wyjątkowy apartament 4 pokojowy w Sopocie|1 678 000 zł|Sopot, |al. Niepodległości||87 m²||2||ANEKS KUCHENNY||||||||Wtórny|WŁASNOŚĆ||KAMIENICA|CEGŁA|1910||02.01.2024|09.04.2024|morizon-301/9733/OMS|318|25||1/2|||C.O. GAZOWE,PIEC|03.01.2024|||||
Mieszkanie - Sopot Karlikowo|1 220 000 zł|Sopot, |Karlikowo, |Bardzo dobry|77,90 m²|260 cm|11|1|Otwarta|1|4 m²|Tak|Tak|4 m²|Nie||Wtórny|Spółdzielcze własnościowe z KW|Tak|Blok|Wielka płyta|1970|Bardzo dobry|04.11.2023|22.03.2024|morizon-BE0550|765|25||6/11|||C.o. miejskie|21.03.2024|||||
Lukusowy apartament bezposrednio|1 520 000 zł|Sopot, |Centrum, |Bardzo dobry|50 m²||4|1|Aneks|||Tak|||||Pierwotny|Własność||Apartamentowiec|Cegła|2014||29.03.2024|29.03.2024|morizon-1538551944|188|25||4/4|||Gazowe|Od zaraz|||||
Piękny apartament w centrum starego Sopotu|2 190 000 zł|Sopot, |Dolny, |Bardzo dobry|67,28 m²||4|4|Otwarta|||Tak|Tak||||Wtórny|Własność||Kamienica|Cegła|1900||20.03.2024|12.04.2024|morizon-1538487076|307|25||3/4||||Od zaraz|||||
Mieszkanie inwestycyjne Sopot Smolna|734 000 zł|Sopot, |Świemirowo, |Do remontu|70,44 m²||3||Osobna|1||Tak|Nie||Nie||Wtórny|Własność|Tak|Dom wielorodzinny|Zróżnicowany|1990|Inna|11.04.2024|11.04.2024|morizon-7|37|20||2/3||||30.04.2024|||||
3 min. spacerkiem do plaży|659 000 zł|Sopot, |Dolny, ||32,10 m²||2||Brak|1|||Nie||Nie||Wtórny|(Nieznany)|||||Bardzo dobry|17.11.2023|02.04.2024|morizon-ET033034|523|15|||||Gazowe||||||
Sopockie Klimaty|2 700 000 zł|Sopot, |Centrum, ||85 m²||3||Osobna|1|||Nie||Nie||Wtórny|Własność||||1899|Do wykończenia|10.11.2023|12.04.2024|morizon-ET033032|356|10|||||Gazowe||||||
Sopot,ul. Łokietka, oryginalny apartament 101,70 m|2 220 000 zł|Sopot M., |Sopot, ||101,70 m²||3||Półotwarta|2||Nie|Tak||Nie||Wtórny|Własność|||Różnorodny|2011|Wysoki standard|16.12.2023|11.04.2024|morizon-AK0911|606|8||3/3||Na wyłączność|C.o. miejskie||||||
"Ogród 201m2 w centrum Sopotu! | Balkon 4.5m2"|699 000 zł|Sopot, |Górny, ||40,69 m²||2|1|||||Tak||||Wtórny|||Kamienica||1930||05.01.2024|02.04.2024|morizon-MG414313|608|5||1/2||Na wyłączność|Gazowe||||||
Sopot, po remoncie, inwestycja, garaż|899 000 zł|Sopot, |Ignacego Krasickiego||70,90 m²||1|2|||||||Tak||Wtórny|||Kamienica||1963||12.06.2023|12.03.2024|morizon-MG695903|1 135|5||||Na wyłączność|Gazowe||||||
3 pokoje Sopot Monte Casino|2 500 000 zł|Sopot, |Bohaterów Monte Cassino||100 m²||3||||||||||Wtórny|||Kamienica||1906||19.08.2022|03.08.2023|morizon-MG949496|1 602|5||1/3||Na wyłączność|Elektryczne||||||
"Świetna inwestycja blisko morza|Sopocka Rezydencja"|2 144 000 zł|Sopot, |Karlikowo, ||74 m²||3|1|||||||Tak||Wtórny|||Apartamentowiec||2013||05.03.2024|07.03.2024|morizon-MG664805|88|4|||2||Co Miejskie||||||
Apartament w sercu Sopotu, piękna kamienica|1 860 000 zł|Sopot, |Górny, ||101 m²||2|1|||||||||Wtórny|||Kamienica||1915||26.02.2024|08.04.2024|morizon-MG895351|135|4||1/2|||Gazowe||||||
Apartament Aquarius Sopot|1 995 000 zł|Sopot, |Armii Krajowej||69 m²||3|1|||||Tak||||Wtórny|||Blok Mieszkalny||2011||01.03.2024|01.03.2024|morizon-MG691459|119|4||2/3|||Co Miejskie||||||
Piękna kawalerka Sopot Sobieskiego|919 000 zł|Sopot, |Dolny, ||34,10 m²||4|1|||||||||Wtórny|||Blok Mieszkalny||2000||11.03.2024|14.03.2024|morizon-MG275414|91|4||3/4||Na wyłączność|Co Miejskie|01.04.2024|||||
Mieszkanie w Sopocie, blisko plaży|975 000 zł|Sopot, |Karlikowo, ||53,10 m²||2||||||Tak||||Wtórny|||||1920||20.09.2023|24.03.2024|morizon-JGN351104|768|3|42,34 m²|2/2||||15.09.2023|||||
Mieszkanie z tarasem, 5 minut od morza|2 299 000 zł|Sopot, |Dolny, ||57,10 m²||3|1|||||||||Wtórny|||Apartamentowiec|Konstrukcja żelbetowa|2018||12.02.2024|11.04.2024|morizon-324145126|400|1||1/3|2|Na wyłączność|Co Miejskie|30.01.2024|||||
"7 POKOI NA KRÓTKITERMIN | WYSOKA STOPA ZWROTU"|3 100 000 zł|Sopot, |Dolny, ||197,38 m²||2||||||Nie||Nie||Wtórny|||Kamienica|Cegła|1952||01.02.2024|11.04.2024|morizon-PAN936739|284|1|||||Co Miejskie||||||
WYJĄTKOWA NIERUCHOMOŚĆ W SAMYM SERCU SOPOTU|1 980 000 zł|Sopot, |Górny, ||101,30 m²||3||||||Tak||Nie||Wtórny|||Kamienica|Cegła|1915||28.03.2024|03.04.2024|morizon-PAN743973|70|1||1/3|||Gazowe||||||
Polna , Sopot apartament|2 400 000 zł|Sopot, |Dolny, |Bardzo dobry|76,50 m²|300 cm|3|1|Aneks|1|9 m²|Tak|Tak|9 m²|Tak|12 m²|Wtórny|Własność|Tak|Apartamentowiec|Cegła|2015|Bardzo dobry|09.04.2024|09.04.2024|morizon-152|51|0|||||||||||
Apartament od zaraz w Sopocie Dolnym|1 470 000 zł|Sopot, |Dolny, ||48,70 m²||4||||||Tak||||Wtórny|||||||06.02.2024|12.04.2024|morizon-EC511032|259|1||3/4|1||||||||
wysokie sufity, klimatyczne mieszkanie|1 350 000 zł|Sopot, |Dolny, ||85,80 m²||3||||||Tak||Nie||Wtórny|||Kamienica|Cegła|1900||13.03.2024|19.03.2024|morizon-PAN360151|79|1||2/3|||Elektryczne||||||
Sopocki apartament z pięknym ogrodem|2 340 372 zł|Sopot, |Górny, ||114,40 m²||3|1|||||||||Wtórny|||Apartamentowiec|Konstrukcja mieszana|2023||08.01.2024|09.04.2024|morizon-292722087|407|1|107,54 m²||3||Co Miejskie||||||
Apartament w kamienicy 117m2 w górnym Sopocie|2 600 000 zł|Sopot, |Górny, ||117 m²||2||||||Nie||Nie||Wtórny|||Kamienica|Cegła|1910||18.09.2023|12.04.2024|morizon-PAN333743|491|1||1/2|||Co Miejskie|18.09.2023|||||
3 słoneczne pokoje w Dolnym Sopocie Bliisko plaży|980 000 zł|Sopot, |Dolny, ||53,74 m²||4||||||Tak||Nie||Wtórny|||Blok Mieszkalny|Cegła|1977||30.06.2023|10.04.2024|morizon-PAN407848|1 755|1||2/4|2|Na wyłączność|Co Miejskie||||||
3 POKOJE BLISKO PLAŻY|1 049 000 zł|Sopot, |Wyścigi, ||56 m²||11||||||Nie||Nie||Wtórny|||Blok Mieszkalny|Wielka płyta|1977||04.01.2024|05.04.2024|morizon-PAN208935|423|1||3/11||Na wyłączność|Co Miejskie||||||
Jasny apartament na ostatnim piętrze w Sopocie|1 100 434 zł|Sopot, |Górny, ||45 m²||3|1|||||||||Wtórny|||Apartamentowiec|Konstrukcja mieszana|2023||16.01.2024|26.03.2024|morizon-185497849|383|1|43,41 m²|3/3|1||Co Miejskie||||||
Mieszkanie w Sopocie 2 min od Molo. Winda|1 890 000 zł|Sopot, |Dolny, ||101,76 m²||4||||||Tak||Nie||Wtórny|||Kamienica|Cegła|1910||09.01.2024|10.04.2024|morizon-PAN788290|309|1||3/4||Na wyłączność|Gazowe||||||
Rodzinny apartament z tarasem 24m2|2 366 820 zł|Sopot, |Górny, ||101,10 m²||3|1|||||||||Wtórny|||Apartamentowiec|Konstrukcja mieszana|2023||12.12.2023|26.03.2024|morizon-204742748|310|1|95,27 m²|1/3|3||Co Miejskie||||||
Mieszkanie w Sopocie Dolnym z widokiem na morze|930 000 zł|Sopot, |Dolny, ||58,65 m²||3||||||Tak||Nie||Wtórny|||Kamienica|Cegła|1920||05.09.2023|27.03.2024|morizon-PAN130893|1 137|1||3/3||Na wyłączność|Gazowe||||||
Apartament w zaciszu sopockiego lasu|972 047 zł|Sopot, |Górny, ||49,40 m²||3|1|||||||||Wtórny|||Apartamentowiec|Konstrukcja mieszana|2023||12.12.2023|26.03.2024|morizon-249553616|489|1|46,94 m²||1||Co Miejskie||||||
Trzypokojowy apartament z wygodnym tarasem|1 445 359 zł|Sopot, |Górny, ||68,70 m²||3|1|||||||||Wtórny|||Apartamentowiec|Konstrukcja mieszana|2023||12.12.2023|26.03.2024|morizon-471133471|336|1|65,84 m²|2/3|2||Co Miejskie||||||
"Apartament | Taras 20m2 | Park Krajobrazowy"|1 597 389 zł|Sopot, |Górny, ||67 m²||3|1|||||||||Wtórny|||Apartamentowiec|Konstrukcja mieszana|2023||12.12.2023|26.03.2024|morizon-184068156|433|1|63,85 m²|1/3|2||Co Miejskie||||||
Apartament w zaciszu sopockiego lasu|1 415 173 zł|Sopot, |Górny, ||55,90 m²||3|1|||||||||Wtórny|||Apartamentowiec|Konstrukcja mieszana|2023||12.12.2023|26.03.2024|morizon-418860856|302|1|53,65 m²|3/3|1||Co Miejskie||||||
Sopot, 2 lokale z możliwością podziału na 4|2 990 000 zł|Sopot, |Dolny, ||288,80 m²||3||||||Tak||Nie||Wtórny|||Kamienica|Cegła|1901||27.09.2023|25.03.2024|morizon-PAN672699|535|1||2/3|||Co Własne||||||
Atrakcyjne mieszkanie blisko plaży|1 200 000 zł|Sopot, |Dolny, ||60 m²||3||||||Tak||Nie||Wtórny|||Blok Mieszkalny|Pustak|1994||05.02.2024|07.02.2024|morizon-PAN130620|374|1||1/3|||Co Miejskie||||||
3 pokoje do własnej aranżacji 4 minuty od plaży|1 400 000 zł|Sopot, |Dolny, ||68,47 m²||1|1|||||Nie||Nie||Wtórny|||Kamienica|Cegła|1900||07.06.2022|27.03.2024|morizon-PAN486261|2 830|1|||||Gazowe||||||
PIĘKNY APARTAMENT Z DUSZĄ W DOLNYM SOPOCIE|2 790 000 zł|Sopot, |Dolny, ||112 m²||3||||||Tak||Nie||Wtórny|||Kamienica|Cegła|1903||02.10.2023|07.03.2024|morizon-PAN718985|315|1||3/3|||Gazowe||||||
Mieszkanie do własnej aranżacji 250 m od plaży|1 490 000 zł|Sopot, |Dolny, ||63,30 m²||1|1|||||Nie||Nie||Wtórny|||Kamienica|Cegła|1900||07.06.2022|28.02.2024|morizon-PAN771374|3 934|1|||||Gazowe||||||
SOPOT 2 pok. apartament w centrum|1 050 000 zł|Sopot, |Dolny, ||65 m²||3||||||Nie||Nie||Wtórny|||Kamienica|Cegła|1906||06.02.2024|06.02.2024|morizon-PAN418813|296|1||1/3|||Gazowe||||||
Nietuzinkowy apartament z kominkiem i sauną|2 600 000 zł|Sopot, |Dolny, ||114,82 m²||2|1|||||Tak||||Wtórny|||Kamienica|Cegła|1910||27.01.2023|19.02.2024|morizon-806875785|2 325|1||2/2|3||Gazowe||||||
Połowa willi w Sopocie|2 650 000 zł|Sopot, |Górny, ||117 m²||1||||||Nie||Tak||Wtórny|||Kamienica|Cegła|1910||05.04.2023|22.01.2024|morizon-PAN230659|578|1||1/1|2||Gazowe||||||
5 minut na Monte Casino i spacerem do plaży|999 000 zł|Sopot, |Gen. Władysława Andersa||66,10 m²||3|1|||||||||Wtórny|||||||06.02.2024|22.02.2024|morizon-NN691024|373|1||3/3|3|||01.02.2024|||||
Inwestycja w samym sercu Dolnego Sopotu|1 169 000 zł|Sopot, |Dolny, ||59,80 m²||3||||||||||Wtórny|||Kamienica||1905||15.03.2023|20.02.2024|morizon-NN894903|1 035|1||3/3|||Gazowe||||||
Spacerem na plażę i kawę na Monte Cassino|1 299 000 zł|Sopot, |Górny, ||63 m²||2||||||Tak||Tak||Wtórny|||||2000||16.11.2023|07.03.2024|morizon-NN129390|500|1|80 m²|2/2|||||||||
Nowa inwestycja w centrum Sopotu|402 000 zł|Sopot, |Dolny, ||20,10 m²||3||||||Nie||Nie||Pierwotny|||Blok Mieszkalny|Konstrukcja mieszana|2023||09.05.2022|06.12.2022|morizon-PAN448058|4 110|1||2/3|||Co Miejskie|30.04.2023|||||
Opis nieruchomości|1 212 000 zł|Sopot, |Dolny, ||57,95 m²||1||||||Tak||||Wtórny|||Dom Wielorodzinny|Cegła|1940||22.12.2020|02.10.2023|morizon-PAN182713665|4 133|1||1/1|||Gazowe||||||
Nowa inwestycja w centrum Sopotu|454 000 zł|Sopot, |Dolny, ||22,70 m²||3||||||Tak||Nie||Pierwotny|||Blok Mieszkalny|Konstrukcja mieszana|2023||09.05.2022|05.03.2024|morizon-PAN346004|2 507|1||3/3|||Co Miejskie|30.04.2023|||||
Nowa inwestycja w centrum Sopotu|472 000 zł|Sopot, |Dolny, ||23,60 m²||3||||||Nie||Nie||Pierwotny|||Blok Mieszkalny|Konstrukcja mieszana|2023||09.05.2022|06.12.2022|morizon-PAN389953|2 116|1||3/3|||Co Miejskie|30.04.2023|||||
Centrum Sopotu 2 pokoje|1 300 000 zł|Sopot, |Dolny, ||53 m²||4||||||Tak||||Wtórny|||Blok Mieszkalny|Cegła|1960||22.12.2020|09.01.2023|morizon-PAN812049223|3 502|1||3/4|||Gazowe||||||
Apartament 3 minuty od plaży|1 850 000 zł|Sopot, |Dolny, ||92,76 m²||3||||||Tak||Nie||Wtórny|||Apartamentowiec|YTong|2003||08.05.2023|11.10.2023|morizon-PAN862871|922|1|120 m²|3/3|||Elektryczne||||||
Przestronne mieszkanie, 5 minut spacerem od plaży|1 390 000 zł|Sopot, |Dolny, ||69 m²||3||||||||||Wtórny|||||1957||22.11.2023|12.01.2024|morizon-NN596708|403|1|||3|Na wyłączność||17.11.2023|||||
Mieszkanie inwestycyjne SOPOT|610 000 zł|Sopot, |Adama Mickiewicza||37,41 m²||10||||||Tak||||Wtórny|||Blok Mieszkalny||1972||19.03.2024|19.03.2024|morizon-TY666784|152|0||8/10||Na wyłączność|Co Miejskie||||||
Mieszkanie z duszą, blisko plaży|1 685 000 zł|Sopot, |Dolny, ||86,88 m²||3|1|||||Tak||||Wtórny|||Kamienica|Cegła|1904||05.04.2024|05.04.2024|morizon-EC189917|104|0||2/3|3||Gazowe||||||
KAWALERKA SOPOT, PO GENERALNYM REMONCIE|570 000 zł|Sopot, |Adama Mickiewicza||30 m²||10||||||||||Wtórny|||Wieżowiec||1970||22.03.2024|22.03.2024|morizon-TY575479|111|0||6/10|||Co Własne||||||
Polna , Sopot apartament|2 400 000 zł|Sopot, |Dolny, |Bardzo dobry|76,50 m²|300 cm|3|1|Aneks|1|9 m²|Tak|Tak|9 m²|Tak|12 m²|Wtórny|Własność|Tak|Apartamentowiec|Cegła|2015|Bardzo dobry|09.04.2024|09.04.2024|morizon-152|51|0|||||||||||
"Blisko morza | Kawalerka typu STUDIO | Po remoncie"|679 000 zł|Sopot, |Dolny, ||26,07 m²||4|1|||||||||Wtórny|||Blok Mieszkalny||1980||11.04.2024|11.04.2024|morizon-MG608937|16|0|||||Co Miejskie||||||
Wysoki standard-Sopot-blisko morza|690 000 zł|Sopot, |Adama Mickiewicza||39 m²||10||||||Tak||||Wtórny|||Blok Mieszkalny||1970||11.03.2024|11.03.2024|morizon-CP813678|141|0||5/10|2||Co Miejskie||||||
Uroczy apartament z ogródkiem|1 042 719 zł|Sopot, |Świemirowo, ||45,20 m²||3||||||Tak||||Pierwotny|||Apartamentowiec||2024||04.04.2024|11.04.2024|morizon-EC729169|29|0|||1||||||||
Apartament z tarasem (13 m2)|1 138 379 zł|Sopot, |Świemirowo, ||49,20 m²||3||||||Tak||||Pierwotny|||Apartamentowiec||2024||03.04.2024|03.04.2024|morizon-EC941933|24|0||2/3|1||||||||
Mieszkanie z pięknym widokiem, Górny Sopot|1 390 000 zł|Sopot, |Górny, ||57 m²||2|1|||||Tak||||Wtórny|||Blok Mieszkalny|Cegła|1962||06.04.2024|09.04.2024|morizon-WH547907|55|0||2/2|||Co Miejskie||||||
Przestronny apartament 2 pok. - Sopot|1 421 210 zł|Sopot, |Świemirowo, ||55,90 m²||3||||||Tak||||Pierwotny|||Apartamentowiec||2024||03.04.2024|03.04.2024|morizon-EC616287|12|0||3/3|1||||||||
Komfortowy apartament - widok na morze|2 443 214 zł|Sopot, |Smolna||113,40 m²||3|1|||||Tak||||Pierwotny|||Apartamentowiec||2023||03.04.2024|03.04.2024|morizon-EC573422|12|0||2/3|3||Co Miejskie||||||
Komfortowy apartament przy lesie|2 455 180 zł|Sopot, |Świemirowo, ||101,10 m²||3||||||Tak||||Pierwotny|||Apartamentowiec||2024||03.04.2024|03.04.2024|morizon-EC968695|14|0||2/3|3||||||||
Sopot- 2 pokoje spacerem do plaży|1 380 000 zł|Sopot, |Władysława Łokietka||52,50 m²||2|1|||||||Tak||Wtórny|||Apartamentowiec|Silikat|2010||08.04.2024|10.04.2024|morizon-WH417774|39|0|||1||Co Miejskie|01.04.2024|||||
Komfortowy apartament - wygoda i styl|1 445 359 zł|Sopot, |Świemirowo, ||68,70 m²||3||||||||||Pierwotny|||Apartamentowiec||2024||03.04.2024|11.04.2024|morizon-EC203763|20|0||2/3|2||||||||
Elegancki apartament w świetnej lokalizacji- Sopot|2 600 000 zł|Sopot, |Jana Jerzego Haffnera|WYSOKI STANDARD|165 m²||4||ODDZIELNA||||||||Wtórny|||KAMIENICA|CEGŁA|1905||04.04.2024|04.04.2024|morizon-110/14376/OMS|23|0||4/4|||||||||
Unikatowy apartament ok.150 m2 z tarasem, Sopot|5 320 000 zł|Sopot, |Józefa Czyżewskiego|BARDZO WYSOKI STANDARD|150 m²|340 cm|2||ODDZIELNA|2|||||||Wtórny|WŁASNOŚĆ||KAMIENICA|CEGŁA|1906||02.04.2024|02.04.2024|morizon-5598/1826/OMS|79|0|||||C.O. GAZOWE||||||
Sopot/Po remoncie/10min-Monciak/15min-Morze-Plaża|418 000 zł|Sopot, |Aleja Niepodległości|WYSOKI STANDARD|32,20 m²|300 cm|3||ODDZIELNA|1|||||||Wtórny|WŁASNOŚĆ||KAMIENICA|CEGŁA|1920||08.03.2024|08.03.2024|morizon-9026/8976/OMS|569|0||1/3||Na wyłączność|C.O. ELEKTRYCZNE||||||
Prestiżowa lokalizacja-APARTAMENT Z DUŻYM TARASEM tuż przy Krzywym Domku|1 150 000 zł|Sopot, |Dolny, ||48,30 m²|260 cm|3|1||1||Tak|Nie||Tak||Wtórny|Własność|Tak|Kamienica|Cegła|1899|Dobry|25.03.2024|26.03.2024|morizon-656-4|73|0||2/3||Na wyłączność|Elektryczne||||||
Mieszkanie przy Monte Cassino|990 000 zł|Sopot, |Dolny, ||57,59 m²||3||||||Nie||Nie||Wtórny|||Kamienica|Cegła|1950||10.04.2024|11.04.2024|morizon-DH385420|38|0||1/3|||Co Miejskie||||||
KAMIENICA Z WINDĄ|1 090 000 zł|Sopot, |Podjazd||56,83 m²||4||||||Tak||Nie||Wtórny|||Kamienica|Cegła|1905||12.04.2024|12.04.2024|morizon-PAN212048|1|0||1/4|||Elektryczne||||||
Mieszkanie przy plaży i sopockim molo|1 125 000 zł|Sopot, |Dolny, ||38,09 m²||4||||||Tak||||Wtórny|||Kamienica||2000||18.01.2024|18.01.2024|morizon-PARK1752470|178|0||1/4||Na wyłączność|Co Własne||||||
Sopot Dolny 4-pokojowe mieszkanie z pięknym balkon|1 500 000 zł|Sopot, |Dolny, ||81,12 m²||3||Osobna|1||Nie|Tak||Nie||Wtórny|Własność||||1910|Do remontu|10.04.2024|11.04.2024|morizon-KO07019|40|0||1/3|||Gazowe||||||
Dwupokojowe mieszkanie z widokiem na morze|1 150 000 zł|Sopot, |Parkowa||43,87 m²||3|1|||||Tak||||Wtórny|||Kamienica|Cegła|1930||08.04.2024|08.04.2024|morizon-EC615137|48|0||3/3|1|Na wyłączność|Gazowe||||||
"2 POKOJE || TARAS || 5 MIN DO PLAŻY"|1 248 000 zł|Sopot, |Dolny, |DOBRY|48,30 m²|294 cm|4||ODDZIELNA|1|||||||Wtórny|WŁASNOŚĆ||KAMIENICA|CEGŁA|1899||26.03.2024|28.03.2024|morizon-9218/8976/OMS|72|0||2/4||Na wyłączność|C.O. ELEKTRYCZNE||||||
Wyjątkowy apartament w Sopocie|1 995 000 zł|Sopot, |Armii Krajowej||69,50 m²||3||||||Tak||||Wtórny|||Apartamentowiec||||03.04.2024|03.04.2024|morizon-984239|37|0||2/3|||Co Miejskie||||||
Inwestycyjne mieszkanie w Sopocie 200m od plaży|780 000 zł|Sopot, |Dolny, ||29,59 m²||2||||||||||Wtórny|||Kamienica|Cegła|1904||04.04.2024|10.04.2024|morizon-AG468958|77|0||1/2|||Gazowe||||||
Świetna inwestycja - mieszkanie na Monciaku|849 000 zł|Sopot, |Dolny, ||44,20 m²||1||||||||||Wtórny|||Kamienica||||11.04.2024|11.04.2024|morizon-NN387787|19|0||1/1||Na wyłączność|Gazowe||||||
"Apartament w Sopocie | Pas Nadmorski"|1 199 000 zł|Sopot, |Dolny, ||50,70 m²||3|1|||||Tak||||Wtórny|||Apartamentowiec||2007||09.04.2024|11.04.2024|morizon-ON447835|47|0||3/3|1|Na wyłączność|Co Miejskie||||||
Sopot - Apartament z widokiem na morze|1 821 601 zł|Sopot, |Smolna||69,20 m²||3|1|||||Tak||||Pierwotny|||Apartamentowiec||2023||28.01.2024|14.02.2024|morizon-EC578719|143|0|||2||Co Miejskie||||||
Polna , Sopot apartament|2 400 000 zł|Sopot, |Dolny, |Bardzo dobry|76,50 m²|300 cm|3|1|Aneks|1|9 m²|Tak|Tak|9 m²|Tak|12 m²|Wtórny|Własność|Tak|Apartamentowiec|Cegła|2015|Bardzo dobry|09.04.2024|09.04.2024|morizon-152|51|0|||||||||||
Apartament z werandą i parkingiem, przy plaży|2 700 000 zł|Sopot, |Dolny, ||93,30 m²|||1|||||Tak||||Wtórny|||Kamienica|Cegła|1925||25.03.2024|30.03.2024|morizon-EC513205|166|0|||2|Na wyłączność|Gazowe||||||
Apartament w Sopocie – niecałe 280 metrów od morza|2 800 000 zł|Sopot, |Dolny, ||105,36 m²||3||Półotwarta|2||Nie|Tak||Nie||Wtórny|(Nieznany)||||2024|Deweloperski|12.04.2024|12.04.2024|morizon-NY018309|1|0||1/3||Na wyłączność|C.o. miejskie||||||
Mieszkanie w Kamienicy, 3 pokoje Sopot Górny|999 000 zł|Sopot, |Gen. Władysława Andersa||66,10 m²||3||||||||||Wtórny|||Kamienica|Cegła|1890||07.02.2024|07.02.2024|morizon-382711|293|0||3/3|1||Gazowe|01.02.2024|||||
Lokal dla inwestora- Sopot świetna lokalizacja|1 250 000 zł|Sopot, |Dolny, ||133,58 m²||2|1|||||||||Wtórny|||Dom Wielorodzinny|Cegła|2003||14.02.2024|14.03.2024|morizon-107876|211|0|133 m²|Suterena/2||Na wyłączność|Gazowe|07.11.2023|||||
Idealny apartament z podziałem na 2 osobne lokale|1 499 000 zł|Sopot, |Górny, ||70,12 m²||2||||||||||Wtórny|||Kamienica||1907||05.03.2024|05.04.2024|morizon-DH335317|185|0|||3|Na wyłączność|Gazowe||||||
Wyjątkowe Mieszkanie z Dużym Ogródem w Kameralnym Budynku w Sopocie|2 337 500 zł|Sopot, |Górny, |Do wykończenia|106,25 m²||3|1|Aneks|3|4,29 m²|Tak|Nie||Nie||Pierwotny|Własność||Apartamentowiec|Zróżnicowany|2024|Surowy zamknięty|05.04.2024|05.04.2024|morizon-23|22|0||||||30.06.2024|||||
"Dolny Sopot | Wyposażenie w cenie I"|799 000 zł|Sopot, |Dolny, ||46,80 m²||2||||||||||Wtórny|||Kamienica|Cegła|1930||07.03.2024|02.04.2024|morizon-TY949484|152|0||1/2|3|Na wyłączność|Gazowe|31.03.2024|||||
"Mieszkanie 3-pokojowe z duszą | Sopot"|1 075 000 zł|Sopot, |Górny, ||68,42 m²||3||ANEKS KUCHENNY|1|||||||Wtórny|WŁASNOŚĆ||KAMIENICA|CEGŁA|||26.03.2024|09.04.2024|morizon-340/9733/OMS|239|0||3/3|||C.O. GAZOWE|27.03.2024|||||
Sopot Dolny w dobrej cenie|1 760 000 zł|Sopot, |Dolny, ||98 m²||5||||||||||Wtórny|||Historyczny/zabytkowy|Cegła|1895||27.02.2024|03.04.2024|morizon-DH349954|264|0||||Na wyłączność|Co Miejskie|26.03.2024|||||
Polna , Sopot apartament|2 400 000 zł|Sopot, |Dolny, |Bardzo dobry|76,50 m²|300 cm|3|1|Aneks|1|9 m²|Tak|Tak|9 m²|Tak|12 m²|Wtórny|Własność|Tak|Apartamentowiec|Cegła|2015|Bardzo dobry|09.04.2024|09.04.2024|morizon-152|51|0|||||||||||
Sopocki unikat przy plaży z windą|2 700 000 zł|Sopot, |Grunwaldzka||82,03 m²||3|2|||||||||Wtórny|||Apartamentowiec||2004||13.03.2024|08.04.2024|morizon-962118|109|0||2/3|2|Na wyłączność|||||||
Apartament w sercu Sopotu z halą garażową|3 400 000 zł|Sopot, |Dolny, ||116 m²||2|2|||||Tak||||Wtórny|||Apartamentowiec||||19.03.2024|19.03.2024|morizon-EC156618|91|0||2/2|3||Co Własne||||||
3 pokoje w centrum Sopotu. Nowe budownictwo|1 890 000 zł|Sopot, |Centrum, ||73 m²||3||Brak||||Tak||Nie||Wtórny|(Nieznany)||||||22.03.2024|21.03.2024|morizon-ML01128|160|0||1/3|||C.o. miejskie||||||
3 Pokoje Blisko Plaży i Monciaka w Sopocie|649 000 zł|Sopot, |Aleja Niepodległości||50 m²||2||ODDZIELNA|1|||||||Wtórny|WŁASNOŚĆ||KAMIENICA|CEGŁA|1950||21.03.2024|22.03.2024|morizon-1873/13290/OMS|235|0|||||C.O. GAZOWE||||||
Sopot, 3 pokoje blisko SKM|1 390 000 zł|Sopot, |Centrum, ||94,54 m²||2|1|||||Nie||||Wtórny|||Kamienica|Cegła|1910||20.03.2024|11.04.2024|morizon-DH919869|141|0||2/2|2||Gazowe||||||
3 pokoje w Świetnej lokalizacji|1 450 000 zł|Sopot, |Dolny, ||75,30 m²||3|2|||||||||Wtórny|||||1914||25.03.2024|12.04.2024|morizon-HEX756961|140|0|59,30 m²|3/3|2|Na wyłączność||25.03.2024|||||
"Apartament 106m2 | 5 pokoi | Sopot | Nowy"|2 284 375 zł|Sopot||DO WYKOŃCZENIA|106,25 m²||3||ANEKS KUCHENNY|1|||||||Pierwotny|||APARTAMENTOWIEC||2024||03.04.2024|03.04.2024|morizon-25429/7649/OMS|31|0||2/3|||C.O. Z SIECI MIEJSKIEJ|03.04.2024|||||
"Mieszkanie 2-pok | Wysoki standard | Sopot"|680 000 zł|Sopot, |Górny, ||39 m²||10||||||Tak||||Wtórny|||Wieżowiec||||18.03.2024|12.04.2024|morizon-AG800085|77|0||5/10|||Co Miejskie|01.02.2024|||||
Apartament w przedwojennej kamienicy|2 799 000 zł|Sopot, |3 Maja|DOBRY|147,37 m²|320 cm|3||ODDZIELNA|2|||Tak||||Wtórny|WŁASNOŚĆ||KAMIENICA|CEGŁA|1904||10.01.2024|10.01.2024|morizon-2107/14016/OMS|273|0||2/3|||C.O. GAZOWE|01.02.2024|||||
Lipowa|1 255 800 zł|Sopot, |Lipowa 10||69 m²|320 cm|2|1|Osobna|1||Tak|Tak||Nie||Wtórny|Własność||Dom wielorodzinny|Cegła||Dobry|05.03.2024|04.04.2024|morizon-5|320|0||2/2||Na wyłączność|||||||
Wysoki standard po remoncie 3 pokoje 120m Sopot|1 540 000 zł|Sopot, |Wyścigi, ||120 m²||2||||||||||Wtórny|||||2002||10.04.2024|12.04.2024|morizon-HEX162848|22|0|89,77 m²|2/2||Na wyłączność|||||||
Przytulne 2 pokoje w cichym miejscu w Sopocie,|599 000 zł|Sopot, |Górny, ||38,78 m²||4||||||Nie||Nie||Wtórny|||Blok Mieszkalny|Cegła|1960||06.02.2024|08.04.2024|morizon-PAN974319|324|0||1/4||Na wyłączność|Co Miejskie|01.11.2023|||||
Kawalerka w Sopocie blisko morza! Idealna pod inwestycję|659 000 zł|Sopot, |Karlikowo|Bardzo dobry|32,10 m²|300 cm|2|1|Aneks|1|4 m²|Tak|Nie||Nie||Wtórny|Własność||Kamienica|Cegła|1934|Do remontu|09.01.2024|12.03.2024|morizon-2024/S/PB/2|415|0|||||Gazowe|09.01.2024|50 m²||||
Blisko Uniwersytetu Gda, 5 minut od Monte Cassino|849 900 zł|Sopot, |Artura Grottgera||48,50 m²||10||||||Tak||||Wtórny|||Blok Mieszkalny||1970||15.03.2024|19.03.2024|morizon-858319411|159|0||1/10|1||Co Miejskie|18.12.2023|||||
Mieszkanie w Sopocie, blisko plaży|975 000 zł|Sopot, |Karlikowo, ||53,10 m²||2||||||Tak||||Wtórny|||||1920||29.01.2024|24.03.2024|morizon-Aa537026|70|0|42,34 m²|2/2||||15.09.2023|||||
Sopot - Apartament z ogródkiem|1 015 099 zł|Sopot, |Smolna||51,90 m²||3|1|||||||||Pierwotny|||Apartamentowiec||2023||28.01.2024|03.04.2024|morizon-EC982740|196|0|||1||Co Miejskie||||||
Trzypokojowe mieszkanie w Sopocie ul. Sobieskiego|1 177 000 zł|Sopot, |Dolny, ||75 m²||3||||||||||Wtórny|||Kamienica|Cegła|1910||01.02.2024|06.04.2024|morizon-DH619788|225|0|74,56 m²|3/3|3|Na wyłączność|Gazowe||||||
Mieszkanie - Sopot Dolny|1 850 000 zł|Sopot, |Dolny, ||87,60 m²||3||Osobna|2|||Tak||Nie||Wtórny|Własność||||1900|Do remontu|27.03.2024|04.04.2024|morizon-CN0767|94|0||1/3|||Gazowe||||||
Sopot - Apartament z dwoma balkonami|1 979 162 zł|Sopot, |Smolna||88 m²||3|1|||||Tak||||Pierwotny|||Apartamentowiec||2023||28.01.2024|03.04.2024|morizon-EC828022|178|0||2/3|2||Co Miejskie||||||
Lokal/mieszkanie/biuro- pewna inwestycja w Centrum|649 000 zł|Sopot, |Aleja Niepodległości||50 m²||1||||||||||Wtórny|||Kamienica||1950||02.02.2024|12.04.2024|morizon-CP191069|424|0|||2||Gazowe||||||
Sopot Górny, apartament 2 pokoje -SPA|1 015 099 zł|Sopot, |Górny, ||51,90 m²||3||||||||Tak||Wtórny|||Blok Mieszkalny||2024||28.02.2024|06.03.2024|morizon-DH610332|98|0|49,51 m²||1||||||||
Mieszkanie Sopot 200m od Monciaka inwestycja najem|999 999 zł|Sopot, |1 Maja||63,48 m²||3||||||||||Wtórny|||Blok Mieszkalny|Cegła|1960||01.02.2024|12.04.2024|morizon-665854|259|0|||1|Na wyłączność|Gazowe|01.01.2025|||||
luksusowy apartament z widokiem na morze, Sopot|4 253 600 zł|Sopot, |Dolny||87 m²||3|1|||||||Tak||Wtórny|||Apartamentowiec|Silikat|2013||23.01.2024|08.04.2024|morizon-WH996127|239|0||3/3||Na wyłączność|Co Miejskie||||||
luksusowy apartament z widokiem na morze, Sopot|5 472 100 zł|Sopot, |Dolny||113 m²||3|1|||||||Tak||Wtórny|||Apartamentowiec|Cegła|2013||23.01.2024|08.04.2024|morizon-WH725931|264|0||3/3||Na wyłączność|Co Miejskie||||||
Apartamenty w Sopocie z widokiem na morze|9 725 700 zł|Sopot|||200 m²||3|1|||||||Tak||Wtórny|||Apartamentowiec|Cegła|2013||23.01.2024|05.04.2024|morizon-WH420674|432|0||3/3||Na wyłączność|Co Miejskie||||||
Sopot Górny, apartament 2 pok /SPA|1 043 777 zł|Sopot, |Górny, ||51,60 m²||3||||||||Tak||Pierwotny|||Blok Mieszkalny||2024||28.02.2024|28.02.2024|morizon-DH370306|91|0|49,20 m²||1|||21.02.2024|||||
Sopot Górny, apartament 4 pok /SPA|2 113 769 zł|Sopot, |Górny, ||96,20 m²||3||||||Tak||Tak||Wtórny|||Blok Mieszkalny||2024||28.02.2024|28.02.2024|morizon-DH998302|114|0|91,03 m²|1/3|3|||22.02.2024|||||
Sopot Górny Dwupoziomowy penthouse|2 985 000 zł|Sopot, |Górny, ||164,70 m²||2||||||Tak||||Wtórny|||Blok Mieszkalny||2000||09.01.2024|11.04.2024|morizon-DH940631|186|0|124,60 m²|1/2|2||Gazowe||||||
4 pokoje, nowa, stylowa iwestycja|2 377 438 zł|Sopot, |Górny, ||114,40 m²||3||||||||||Pierwotny|||Apartamentowiec||2023||20.02.2024|28.02.2024|morizon-DH825430|95|0|107,54 m²||||Co Miejskie|01.11.2023|||||
Sopot Górny słoneczne dwa pokoje 38 m²|599 000 zł|Sopot, |Mikołaja Reja|DOBRY|38 m²||10||||||||||Wtórny|||WIEŻOWIEC|WIELKA PŁYTA|||25.02.2024|24.03.2024|morizon-19/14365/OMS|346|0||4/10|||C.O. Z SIECI MIEJSKIEJ|26.02.2024|||||
Dwupak Inwestycyjny Blisko Plaży|2 144 000 zł|Sopot, |Dolny, ||74 m²||3||||||||Tak||Wtórny|||Apartamentowiec||2013||12.03.2024|27.03.2024|morizon-PH815818|84|0||||Na wyłączność|Co Miejskie||||||
Mieszkanie - Sopot Dolny|2 487 730 zł|Sopot, |Dolny, ||50,77 m²||3||Brak|1|||Tak||Nie||Wtórny|Własność||||2008|Wysoki standard|14.01.2024|10.04.2024|morizon-IT01303|355|0||3/3||Na wyłączność|Kotłownia lokalna||||||
350 metrów od plaży|2 990 000 zł|Sopot, |Dolny, ||105,36 m²||3|1|||||||||Wtórny|||Apartamentowiec|Konstrukcja mieszana|2023||22.03.2024|22.03.2024|morizon-WH544119|81|0||1/3||Na wyłączność|Co Miejskie||||||
350 metrów od plaży|2 990 000 zł|Sopot, |Dolny, ||105,36 m²||3|1|||||||||Wtórny|||Apartamentowiec|Konstrukcja mieszana|2023||22.03.2024|22.03.2024|morizon-WH510679|49|0||||Na wyłączność|Co Miejskie||||||
Sopot! Komfortowy apartament II poziomowy|3 400 000 zł|Sopot, |Dolny, ||115,80 m²||2|2|||||Tak||||Wtórny|||Apartamentowiec|Pustak|2004||05.01.2024|08.04.2024|morizon-DH483953|166|0||2/2|2||Gazowe||||||
Polna , Sopot apartament|2 400 000 zł|Sopot, |Dolny, |Bardzo dobry|76,50 m²|300 cm|3|1|Aneks|1|9 m²|Tak|Tak|9 m²|Tak|12 m²|Wtórny|Własność|Tak|Apartamentowiec|Cegła|2015|Bardzo dobry|09.04.2024|09.04.2024|morizon-152|51|0|||||||||||
Spółdzielczo-własnościowe z widokiem na morze|620 000 zł|Sopot, |Górny Sopot, |Do odnowienia|37,70 m²||9||Aneks kuchenny||||Tak||||Wtórny|Spółdzielcza własnościowa z KW||Blok mieszkalny|Wielka płyta|1970||15.02.2024|24.03.2024|morizon-CABA177|230|0||8/9||Na wyłączność|Ogrzewanie miejskie||||||
70m2 przy Smolnej w Sopocie inwestycyjne|749 000 zł|Sopot, |Smolna|Do remontu|70,44 m²||3||Osobna|||Tak|||||Wtórny|Własność||Dom wielorodzinny||1990||14.02.2024|23.03.2024|morizon-gratka-33349429|221|0||2/3|||||||||
2 pokoje z ogródkiem, cisza pod lasem w Sopocie|1 042 719 zł|Sopot, |Górny, ||45,20 m²||3||||||||Tak||Pierwotny|||Apartamentowiec||2023||01.12.2023|29.03.2024|morizon-DH262528|183|0|43,26 m²||||Co Miejskie|01.12.2023|||||
3 albo 4 POKOJE w centrum SOPOTU|1 199 000 zł|Sopot, |Dolny, ||64,17 m²||4||||||Tak||||Wtórny|||||1960||14.01.2024|09.04.2024|morizon-OE576750|279|0||3/4||Na wyłączność|||||||
3 pokoje z ogródkiem, cisza pod lasem w Sopocie|1 739 563 zł|Sopot, |Górny, ||69,90 m²||3||||||||Tak||Pierwotny|||Apartamentowiec||2023||01.12.2023|29.03.2024|morizon-DH354831|121|0|66,30 m²||2||Co Miejskie|01.12.2023|||||
Słoneczne 100-metrowe mieszkanie, blisko plaży|1 975 000 zł|Sopot, |Dolny, ||100 m²||3||||||||||Wtórny|||Kamienica||1903||13.02.2024|26.03.2024|morizon-EC196789|374|0||2/3|3|Na wyłączność|Gazowe||||||
3 lub 4 sypialnie parter|1 090 000 zł|Sopot, |1 Maja|WYSOKI STANDARD|60,69 m²||3||ODDZIELNA|1|||||||Wtórny|WŁASNOŚĆ||BLOK||1960||07.03.2024|25.03.2024|morizon-2786/9862/OMS|221|0|||||C.O. GAZOWE||||||
Okazja inwestycyjna w sercu Sopotu-pakiet mieszkań|1 275 000 zł|Sopot, |Centrum, ||99,30 m²||3||||||||||Wtórny|||Kamienica||1905||20.02.2024|14.03.2024|morizon-DH297072|186|0|||4|Na wyłączność|||||||
Świetne mieszkanie z dużym tarasem, blisko plaży|1 495 000 zł|Sopot, |Mariana Mokwy||47,83 m²||2||||||||Tak||Wtórny|||Kamienica|Cegła|1910||11.01.2024|12.04.2024|morizon-EC124661|250|0|||1|Na wyłączność|Gazowe||||||
Słoneczne mieszkanie z balkonem, blisko plaży|1 890 000 zł|Sopot, |Dolny, ||101,76 m²||4|1|||||Tak||||Wtórny|||Kamienica||1910||22.05.2023|12.04.2024|morizon-EC689144|736|0||3/4|2|Na wyłączność|Gazowe||||||
Apartament w centrum Sopotu|1 980 000 zł|Sopot, |Gen. Władysława Sikorskiego||101 m²||3|1|||||||||Wtórny|||Kamienica|Cegła|1915||17.02.2023|05.04.2024|morizon-EC307990|1 741|0||1/3|2|Na wyłączność|Gazowe||||||
KLIMATYCZNE MIESZKANIE SOPOT DOLNY|2 200 000 zł|Sopot, |Dolny, ||89 m²||4||Brak|1|||Tak||Nie||Wtórny|Własność||||1900||04.03.2024|04.03.2024|morizon-LX014739|113|0||||Na wyłączność|Pompy ciepła||||||
Słoneczne, dwupiętrowe mieszkanie z 2 balkonami|2 200 000 zł|Sopot, |Wyścigi, ||77,08 m²||4||||||Tak||||Wtórny|||Apartamentowiec||1998||15.02.2024|15.02.2024|morizon-DH632687|151|0||2/4|2|Na wyłączność|Co Miejskie||||||
Piękne, stylowe mieszkanie w centrum Sopotu|2 790 000 zł|Sopot, |Dolny, ||112 m²||3|1|||||Tak||||Wtórny|||Kamienica|Cegła|1903||31.01.2024|07.03.2024|morizon-DH867184|127|0||3/3|1||Gazowe||||||
Prestiżowe miejsce, możliwość dokupienia garażu|3 102 000 zł|Sopot, |Dolny, ||141 m²||3|1|||||||||Wtórny|||Kamienica|Cegła|1906||10.02.2024|01.03.2024|morizon-EC350946|469|0|||3|Na wyłączność|Gazowe||||||
Luksusowy apartament w centrum Sopotu|3 200 000 zł|Sopot, |Gen. Władysława Sikorskiego||150 m²||3||||||||||Wtórny|||Kamienica|Cegła|1922||15.07.2022|05.04.2024|morizon-EC157496|2 452|0||2/3|2||Gazowe||||||
Mieszkanie w Sopocie, blisko plaży|975 000 zł|Sopot, |Karlikowo, ||53,10 m²||2||||||Tak||||Wtórny|||||1920||28.09.2023|11.04.2024|morizon-311957|368|0|42,34 m²|2/2||||15.09.2023|||||
Luksusowy 4 pokojowy apartament w Dolnym Sopocie|2 600 000 zł|Sopot, |Dolny, ||114,82 m²||2|2|||||Tak||||Wtórny|||Kamienica|Cegła|1903||04.03.2023|06.03.2024|morizon-854864904|484|0||2/2|3||Gazowe||||||
Apartament z widokiem na morze, tuż przy plaży|5 082 000 zł|Sopot, |Dolny, ||92,40 m²||3|1|||||Tak||||Wtórny|||||1905||17.02.2024|09.03.2024|morizon-EC967262|463|0|||2||||||||
-Sopot-nowe apartamenty-|1 037 375 zł|Sopot M., |Sopot, |Deweloperski|48,25 m²||||||||Tak||||Pierwotny|||Apartamentowiec||||28.02.2024|08.04.2024|morizon-BHN-MS-4083|105|0|||2|||||PCV|||
Mieszkanie inwestycyjne! Blisko morza! 3 pokoje|1 083 000 zł|Sopot, |Bitwy Pod Płowcami||57 m²||3||||||Tak||||Wtórny|||Blok Mieszkalny||1994||19.05.2023|29.02.2024|morizon-TY843160|942|0||3/3||Na wyłączność|Co Miejskie||||||
Opis nieruchomości|1 249 000 zł|Gdańsk, |Morena, ||75,73 m²||4||||||||||Wtórny|||Blok Mieszkalny||2021||27.11.2023|20.03.2024|morizon-PH468751|343|0|||3||Co Miejskie||||||
Centrum Sopotu 3 min molo ! Super Cena|1 959 000 zł|Sopot, |Dolny, ||90 m²||3||||||||||Wtórny|||Kamienica||||04.01.2024|04.04.2024|morizon-752151|204|0|105 m²|3/3|3||Gazowe||||||
Kup mieszkanie w Dolnym Sopocie, blisko morza|2 241 000 zł|Sopot, |Dolny, ||90 m²||2||||||||||Wtórny|||Kamienica||1930||28.09.2023|28.03.2024|morizon-DH227235|228|0||1/2||Na wyłączność|||||||
Loftowy Apartament z balkonem|2 790 000 zł|Sopot, |Kazimierza Wielkiego||112 m²||3|1|||||Tak||||Wtórny|||||1903||04.10.2023|12.04.2024|morizon-EC249727|225|0||3/3|1|||05.10.2023|||||
Mieszkanie 2-pok w otulinie lasu|599 000 zł|Sopot, |23 Marca||35,40 m²||10||||||Tak||||Wtórny|||Wieżowiec||1970||22.01.2024|27.03.2024|morizon-AG583584915|307|0||1/10|||Co Miejskie||||||
Sopot - Apartament z ogródkiem|1 142 548 zł|Sopot, |Smolna||48,40 m²||3|1|||||||||Pierwotny|||Apartamentowiec||2023||28.01.2024|14.02.2024|morizon-EC832107|188|0|||1||Co Miejskie||||||
-Sopot apartamenty w sercu miasta-|1 392 976 zł|Sopot M., |Sopot, |Deweloperski|66,97 m²||||||||||Tak||Pierwotny|||Apartamentowiec||||28.02.2024|08.04.2024|morizon-BHN-MS-4084|98|0|||3|||||PCV|||
Opis nieruchomości|1 500 000 zł|Sopot, |Aleja Niepodległości||73,27 m²||2||||||||||Wtórny|||Kamienica||1915||28.11.2023|18.01.2024|morizon-833478|203|0||2/2|||Gazowe||||||
Gotowy, stylowy apartament w Sopocie Dolnym|1 890 000 zł|Sopot, |Władysława Łokietka||108 m²||3|2|||||||||Wtórny|||Blok Mieszkalny||1994||10.01.2024|07.03.2024|morizon-EC796921|852|0||3/3|3|Na wyłączność|Co Miejskie||||||
Apartament podzielony na trzy mieszkania|3 720 000 zł|Sopot, |Władysława Jagiełły||162,90 m²||2|1|||||Tak||||Wtórny|||Kamienica|Cegła|1899||29.12.2023|18.03.2024|morizon-EC369681|329|0||1/2|6||Gazowe||||||
Sprzedam mieszkanie dwupokojowe w Sopocie|580 000 zł|Sopot, |Górny Sopot, ||37,60 m²||10||Osobna|||Tak|Tak||||Wtórny|Własność||Blok|Wielka płyta|1971||03.04.2024|03.04.2024|morizon-gratka-34153549|45|0||9/10||||01.05.2024|||||
Mieszkanie w sercu Sopotu|849 000 zł|Sopot, |Artura Grottgera|DO REMONTU|48,50 m²|270 cm|10||ODDZIELNA|1|||Tak||||Wtórny|SPÓŁDZIELCZE WŁASNOŚCIOWE||BLOK|WIELKA PŁYTA|1970||30.10.2023|04.03.2024|morizon-11800/8653/OMS|280|0||1/10|||C.O. Z SIECI MIEJSKIEJ|01.03.2024|||||
"Nowe | Sopot | 400m dworzec | Oddanie 15.04.2024"|980 000 zł|Sopot, |al. Niepodległości|DO WYKOŃCZENIA|43,65 m²||3||ANEKS KUCHENNY|1|||Tak||||Pierwotny|||NISKI WIELORODZINNY|SILIKAT|2024||10.01.2024|28.03.2024|morizon-312/9733/OMS|262|0||2/3|||C.O. Z SIECI MIEJSKIEJ||||||
3 pokoje na Haffnera - 55 m2|1 119 000 zł|Sopot, |Jana Jerzego Haffnera||44,10 m²||3||||||Tak||||Wtórny|||||1910||11.12.2023|29.02.2024|morizon-685976|201|0|55 m²|3/3|2||||||||
Polna , Sopot apartament|2 400 000 zł|Sopot, |Dolny, |Bardzo dobry|76,50 m²|300 cm|3|1|Aneks|1|9 m²|Tak|Tak|9 m²|Tak|12 m²|Wtórny|Własność|Tak|Apartamentowiec|Cegła|2015|Bardzo dobry|09.04.2024|09.04.2024|morizon-152|51|0|||||||||||
3-pokojowe w doskonałej lokalizacji/hala garażowa|1 450 000 zł|Sopot, |Króla Jana Kazimierza||67,21 m²||2||||||Tak||||Wtórny|||||2001||01.02.2024|04.03.2024|morizon-817375|237|0||1/2|2||||||||
3 pokoje i 2 balkony, cisza pod lasem w Sopocie|1 979 162 zł|Sopot, |Górny, ||88 m²||3||||||Tak||||Pierwotny|||Apartamentowiec||2023||01.12.2023|29.03.2024|morizon-DH746222|119|0|83,75 m²|2/3|||Co Miejskie|01.12.2023|||||
4 pokoje i duży ogródek, cisza pod lasem w Sopocie|2 377 438 zł|Sopot, |Górny, ||114,40 m²||3||||||||Tak||Pierwotny|||Apartamentowiec||2023||01.12.2023|29.03.2024|morizon-DH383696|150|0|107,54 m²||3||Co Miejskie|01.12.2023|||||
Apartament z klasą, po remoncie generalnym|2 562 000 zł|Sopot, |Dolny, ||73,20 m²||2|1|||||||||Wtórny|||||1904||07.02.2024|27.02.2024|morizon-EC882233|332|0||2/2|1|Na wyłączność||03.02.2024|||||
Apartament 4 pokoje nad morzem / Sopot Dolny/ Spa|3 543 203 zł|Sopot, |Dolny, ||105,60 m²||3|1|||||||Tak||Pierwotny|||Apartamentowiec||2021||31.01.2024|31.01.2024|morizon-DH882555|179|0|97,92 m²|1/3|3||Co Miejskie|31.01.2024|||||
"Centrum Sopotu | NISKI CZYNSZ 150zł | parking"|635 000 zł|Sopot, |Centrum, ||47,30 m²||2||||||||||Wtórny|||Kamienica|Cegła|1920||20.07.2023|12.03.2024|morizon-TY197868|840|0||||Na wyłączność|Gazowe||||||
Wspaniała Inwestycja w Górnym Sopocie|680 000 zł|Sopot, |Górny, ||39 m²||10||||||Tak||||Wtórny|||||1970||01.02.2024|09.03.2024|morizon-996784|307|0||5/10|1||||||||
Mieszkanie przy parku|890 000 zł|Sopot, |Dolny, |Dobry|49,90 m²|318 cm|1|1|Osobna|1||Tak|Nie||Nie||Wtórny|Własność||Dom wielorodzinny|Cegła|1895||01.03.2024|04.04.2024|morizon-4|186|0||||Na wyłączność|Gazowe||||||
Okazja- 3 pok. mieszkanie 350 m od morza i plaży|1 150 000 zł|Sopot, |Wyścigi, ||56 m²||11||||||Tak||||Wtórny|||Wieżowiec||1977||18.07.2023|14.03.2024|morizon-DH214277|537|0||1/11|2|Na wyłączność|||||||
4 pokoje z ogródkiem|1 392 976 zł|Sopot, |Niepodległości||66,97 m²||3||||||||||Pierwotny|||||||29.03.2024|04.04.2024|morizon-HEX132327|31|0|||||||||||
SOPOT - mieszkania 2,3 i 4 pok. gotowe do odbioru|1 466 811 zł|Sopot, |Górny, ||68,60 m²||3||||||||||Pierwotny|||Apartamentowiec||2023||29.11.2023|09.04.2024|morizon-DH309969|131|0|||||Co Miejskie|01.11.2023|||||
Przestronny Apartament z widokiem na morze|3 850 000 zł|Sopot, |Dolny, ||132 m²||3||||||Tak||||Wtórny|||||1899||13.01.2024|29.03.2024|morizon-EC744792|415|0||2/3|2|Na wyłączność||13.01.2024|||||
Mieszkanie - Sopot Centrum|698 000 zł|Sopot, |Centrum, ||54 m²||2||Osobna|1|||Tak||Nie||Wtórny|Własność||||1905|Po remoncie|30.10.2023|08.04.2024|morizon-CN0745|1 134|0||1/2|||Kotłownia lokalna||||||
NIewielkie, urokliwe mieszkanie blisko plaży|975 000 zł|Sopot, |Bitwy Pod Płowcami||53,10 m²||2||||||Tak||||Wtórny|||||||11.01.2024|10.04.2024|morizon-EC410460|285|0||2/2|1||||||||
Mieszkanie przy Haffnera Dolny Sopot|999 000 zł|Sopot, |Dolny, ||38 m²||1||||||||||Wtórny|||||||17.01.2024|29.02.2024|morizon-291880|161|0||||Na wyłączność|||||||
"SOPOT | Apartament w centrum, 15 minut od plaży"|1 037 375 zł|Sopot, |Dolny Sopot|Deweloperski|48,25 m²||3||||||Tak||||Wtórny|Własność||Apartamentowiec|Silikat|2024||12.03.2024|22.03.2024|morizon-CICU023|139|0||1/3|||Ogrzewanie miejskie||||||
"Apartament z ogrodem | SOPOT Centrum"|1 392 976 zł|Sopot, |Niepodległości||66,97 m²||3||||||||||Wtórny|||||2024||02.04.2024|10.04.2024|morizon-HEX927414|40|0|||||||||||
Sopot, eleganckie, nowe, gotowy apartament|1 415 173 zł|Sopot, |Górny, ||55,90 m²||3||||||Tak||||Pierwotny|||Apartamentowiec||2023||01.12.2023|05.03.2024|morizon-DH108645|138|0||3/3|||Co Miejskie|01.11.2023|||||
Dwupokojowe, jasne mieszkanie z werandą|1 780 350 zł|Sopot, |Dolny, ||53,95 m²||2||||||||||Wtórny|||||1945||28.01.2024|14.03.2024|morizon-EC928625|300|0||2/2|1|Na wyłączność|||||||
"5 pokoi, 3 łazienki | Apartament w sercu Sopotu"|2 337 500 zł|Sopot, |Dolny Sopot|Deweloperski|106,25 m²||3||||||||Tak||Wtórny|Własność||Apartamentowiec|Silikat|2024||12.03.2024|22.03.2024|morizon-RERU083|137|0|||||Ogrzewanie miejskie||||||
Apartament w Sopocie – niecałe 280 metrów od morza|2 950 000 zł|Sopot, |Dolny, ||105,36 m²||3||Półotwarta|2||Nie|Tak||Nie||Wtórny|(Nieznany)||||2024|Deweloperski|01.03.2024|12.03.2024|morizon-NY018269|149|0||1/3||Na wyłączność|C.o. miejskie||||||
Sopocka Kamienica Idealne na Apartamenty|2 990 000 zł|Sopot, |Centrum, ||128,10 m²||2||||||||||Wtórny|||Kamienica|Cegła|1905||26.07.2023|11.03.2024|morizon-DH151608|374|0||1/2||Na wyłączność|Gazowe||||||
2 pokojowe mieszkanie z ogródkiem, nowe osiedle|972 047 zł|Sopot, |Górny, ||49,40 m²||3||||||Tak||||Pierwotny|||Apartamentowiec||2023||30.11.2023|04.03.2024|morizon-DH119229|177|0|46,94 m²||||Co Miejskie||||||
INWESTYCYJNE MIESZKANIE W SOPOCIE|999 000 zł|Sopot, |Górny, ||66,10 m²||3||||||Nie||Nie||Wtórny|||Kamienica|Cegła|1890||13.02.2024|11.03.2024|morizon-PAN500676|125|0||3/3|3||Gazowe||||||
Luksusowy apartament w Sopocie blisko morza|1 050 000 zł|Sopot, |Niepodległości||65,65 m²||4||||||||||Wtórny|||Kamienica|Cegła|||22.12.2023|21.03.2024|morizon-AG247359425|212|0||1/4|||Gazowe||||||
SOPOT - mieszkania 2,3 i 4 pok. gotowe do odbioru|1 100 434 zł|Sopot, |Górny, ||45 m²||3||||||Tak||||Pierwotny|||Apartamentowiec||2023||29.11.2023|01.03.2024|morizon-DH292863|146|0||2/3|||Co Miejskie|01.11.2023|||||
Sopot, eleganckie, nowe, gotowe apartamenty|1 142 548 zł|Sopot, |Górny, ||48,30 m²||3||||||||||Pierwotny|||Apartamentowiec||2023||01.12.2023|02.03.2024|morizon-DH163405|134|0|||||Co Miejskie|01.11.2023|||||
2 pokoje na parterze kamienicy, blisko plaży|1 249 000 zł|Sopot, |Bolesława Chrobrego||69 m²||2||||||||||Wtórny|||Kamienica|Cegła|1896||07.12.2023|05.04.2024|morizon-334858|269|0||||||01.06.2024|||||
3 pokoje do własnej aranżacji- 200m do plaży|1 420 000 zł|Sopot, |Dolny, ||68,41 m²||1||||||||||Wtórny|||Kamienica||1896||09.01.2024|11.04.2024|morizon-DH331775|277|0||||Na wyłączność|||||||
Sopot, eleganckie, nowe, gotowe apartamenty|1 597 389 zł|Sopot, |Świemirowo, ||67 m²||3||||||Tak||||Pierwotny|||Apartamentowiec||2023||01.12.2023|01.03.2024|morizon-DH431409|134|0||1/3|||Co Miejskie|01.11.2023|||||
Dwupokojowe, słoneczne mieszkanie z werandą|1 695 000 zł|Sopot, |Dolny, ||51,30 m²||2|1|||||||||Wtórny|||||1945||26.01.2024|14.03.2024|morizon-EC448516|315|0||1/2|1|Na wyłączność|||||||
125 m w super cenie ! 0% od KUPUJĄCEGO|1 749 000 zł|Sopot, |Podjazd|DOBRY|125 m²|320 cm|4||ODDZIELNA|1|||||||Wtórny|WŁASNOŚĆ||KAMIENICA|CEGŁA|1915||16.07.2023|12.03.2024|morizon-3156/2060/OMS|308|0||4/4|||C.O. WŁASNE||||||
SOPOT - mieszkania 2,3 i 4 pok. gotowe do odbioru|1 870 530 zł|Sopot, |Górny, ||78,90 m²||3||||||||||Pierwotny|||Apartamentowiec||2023||29.11.2023|02.03.2024|morizon-DH192217|129|0|||||Co Miejskie|01.11.2023|||||
Mieszkanie 4 pokojowe, nowa inwestycja w Sopocie|2 113 769 zł|Sopot, |Górny||96,20 m²||4||||||Tak||||Pierwotny|||Apartamentowiec||2023||30.11.2023|02.03.2024|morizon-DH608847|160|0|91,03 m²|1/4|||Co Miejskie||||||
SOPOT - mieszkania 2,3 i 4 pok. gotowe do odbioru|2 273 220 zł|Sopot, |Górny, ||100,90 m²||3||||||||||Pierwotny|||Apartamentowiec||2023||29.11.2023|02.03.2024|morizon-DH449589|166|0|||3||Co Miejskie|01.11.2023|||||
Polna , Sopot apartament|2 400 000 zł|Sopot, |Dolny, |Bardzo dobry|76,50 m²|300 cm|3|1|Aneks|1|9 m²|Tak|Tak|9 m²|Tak|12 m²|Wtórny|Własność|Tak|Apartamentowiec|Cegła|2015|Bardzo dobry|09.04.2024|09.04.2024|morizon-152|51|0|||||||||||
Dobrze prosperujący hostel w sercu kurortu|3 100 000 zł|Sopot, |Gen. Kazimierza Pułaskiego||197,38 m²||2||||||||||Wtórny|||Kamienica|Cegła|1970||18.01.2024|08.02.2024|morizon-EC160636|124|0|||8|Na wyłączność|Co Miejskie||||||
Niesamowity apartament w sercu Sopotu|3 400 000 zł|Sopot, |Dolny, ||115,68 m²||2|2|||||Tak||||Wtórny|||Apartamentowiec||2004||24.01.2024|07.03.2024|morizon-DJ265349|160|0||2/2|||Gazowe|24.01.2024|||||
Nieruchomość w Hiszpani - Costa Blanca|270 000 zł|Sopot, |Centrum, ||75 m²|||1|||||Nie||Tak||Wtórny|||Apartamentowiec||2020||10.10.2022|17.01.2024|morizon-415901|5 170|0|||||||||||
GÓRNY SOPOT!! po generalnym remoncie|2 650 000 zł|Sopot, |Gen. Władysława Andersa||105,20 m²||1||||||||Tak||Wtórny|||Kamienica|Cegła|1910||19.04.2023|07.11.2023|morizon-PH176217|449|0||1/1|||Gazowe||||||
Połowa domu w Sopocie Górnym|3 190 000 zł|Sopot, |Górny, ||222,64 m²||2|1|||||||||Wtórny|||Bliźniak|Cegła|1925||20.01.2023|13.03.2024|morizon-WH593550|1 231|0|250 m²|1/2|4|Na wyłączność|Gazowe||||||
Sopot Dolny - lokal podzielony na 3 mieszkania|4 300 000 zł|Sopot, |Dolny, ||189,20 m²||2||Półotwarta|3||Nie|Nie||Nie||Wtórny|Własność||||1900|Bardzo dobry|20.02.2024|20.02.2024|morizon-KO06983|61|0||||Na wyłączność|Gazowe||||||
Niewielkie mieszkanie w wyremontowanej kamienicy|930 000 zł|Sopot, |Marii Skłodowskiej-Curie||31,26 m²||3|1|||||||||Wtórny|||||||20.12.2023|30.03.2024|morizon-EC177012|383|0||1/3|1|Na wyłączność|||||||
Możliwość aranżacji większej ilości pokoi|1 299 000 zł|Sopot, |Aleja Niepodległości||101,21 m²||3|1|||||||||Wtórny|||Kamienica|Cegła|1950||15.08.2023|08.03.2024|morizon-R-601299|580|0||2/3|2|Na wyłączność|Gazowe|30.09.2023|||||
Nowe mieszkanie w centrum Sopotu 4pokoje 66m2|1 392 976 zł|Sopot, |Aleja Niepodległości||66,97 m²||3|1|||||||||Pierwotny|||Blok Mieszkalny||||28.03.2024|28.03.2024|morizon-DJ956808|24|0|||||Co Miejskie||||||
Sopot ul. Bohaterów Monte Cassino! blisko morza|1 494 500 zł|Sopot, |Centrum, ||61 m²||2|1|||||||||Wtórny|||Kamienica|Cegła|1930||16.01.2024|02.04.2024|morizon-DH464045|119|0|||2||Gazowe||||||
Mieszkanie z werandą w urokliwej kamienicy-SOPOT|1 990 000 zł|Sopot, |Dolny|DO REMONTU|90 m²|340 cm|2||ODDZIELNA||||||||Wtórny|WŁASNOŚĆ||KAMIENICA|CEGŁA|1923||15.12.2023|04.01.2024|morizon-14864/9376/OMS|409|0||||Na wyłączność|C.O. GAZOWE||||||
Nowe mieszkanie w centrum Sopotu 4pokoje 106,55m2|2 290 825 zł|Sopot, |Aleja Niepodległości||106,55 m²||3|1|||||Tak||||Pierwotny|||Blok Mieszkalny||||28.03.2024|28.03.2024|morizon-DJ821069|44|0||1/3|||Co Miejskie||||||
2 pokoje na zamkniętym osiedlu 800 m. od morza|1 339 000 zł|Sopot, |Karlikowo, |Normalny|58,10 m²||3||||||||||Wtórny|Własność||Apartamentowiec|Mieszana|2006||01.12.2023|08.03.2024|morizon-KIHA995|389|0||||Na wyłączność|Ogrzewanie miejskie||||||
Sopocki apartament|1 392 976 zł|Sopot, |Centrum, |Do wykończenia|66,97 m²|265 cm|3|1|Aneks|2|3,33 m²|Tak|Nie||Tak||Pierwotny|Własność||Blok|Zróżnicowany|2024|Rozpoczęta budowa|04.09.2023|08.03.2024|morizon-40|521|0|||||Miejskie|30.06.2024|55 m²||||
Blisko plaży, z ogródkiem 150 m2|1 420 000 zł|Sopot, |Dolny, ||49 m²||3||||||||||Wtórny|||Apartamentowiec||2009||06.10.2023|15.03.2024|morizon-DH514111|377|0|||2||Co Miejskie|01.10.2023|||||
Duży apartament w Spocie, Odbiór w 2024|2 337 500 zł|Sopot, |Aleja Niepodległości||106,25 m²||3||||||Tak||||Pierwotny|||Blok Mieszkalny||2024||14.03.2024|09.04.2024|morizon-496144|60|0|||||Co Miejskie|01.06.2024|||||
"Dwupiętrowy apartament | widok na las | duży garaż"|2 685 000 zł|Sopot, |Górny, ||124,60 m²||2||||||Tak||||Wtórny|||Blok Mieszkalny||2000||17.11.2023|20.02.2024|morizon-DH614687|305|0||1/2|2||Gazowe|20.02.2023|||||
Mieszkanie - Sopot Dolny|980 000 zł|Sopot, |Dolny, |Do remontu|48,41 m²||2|1|Osobna|1||Tak|Tak||Nie||Wtórny|Własność||Dom wielorodzinny|Cegła|1960|Częściowo po remoncie|14.11.2023|16.03.2024|morizon-PU0244|1 339|0||1/2|||C.o. miejskie||||||
"3 pokoje | Sopot Centrum"|1 037 375 zł|Sopot, |Niepodległości||48,25 m²||3||||||||||Pierwotny|||||||29.03.2024|27.03.2024|morizon-HEX999158|37|0||1/3|||||||||
Komfortowe 4 Pokoje Nowa Inwestycja 1,5 km od Molo|1 392 976 zł|Sopot, |Górny, ||66,97 m²||3||||||||||Pierwotny|||Apartamentowiec||2024||03.10.2023|14.03.2024|morizon-223494|196|0|||3||Co Miejskie||||||
Kultowa lokalizacj! Słynny deptak 800 m od plaży|1 599 000 zł|Sopot, |Centrum, ||119,70 m²||3||||||||||Wtórny|||Kamienica|Cegła|1904||17.02.2023|15.02.2024|morizon-DH958663|734|0|151,10 m²|3/3|||Gazowe||||||
Piękny apartament w Sopocie • WIRTUALNY SPACER|1 849 000 zł|Sopot, |Dolny, ||80,90 m²||3||||||Tak||||Wtórny|||||||24.10.2023|27.02.2024|morizon-310764|240|0||1/3|2|Na wyłączność|||||||
Inwestycja w sercu Sopotu|1 900 000 zł|Sopot, |Bohaterów Monte Cassino||156,27 m²||3|1|||||Tak||||Wtórny|||Kamienica|Cegła|1901||01.04.2022|23.02.2024|morizon-EC462290|2 296|0||2/3|||Gazowe||||||
4-pokojowy Apartament z tarasem blisko plaży|1 921 000 zł|Sopot, |Dolny, ||117,84 m²||3|1|||||Tak||Tak||Wtórny|||||1910||20.09.2022|19.02.2024|morizon-EC991330|2 192|0||3/3|3|Na wyłączność|||||||
4 pokojowe mieszkanie w centrum Sopotu- inwestycja|699 000 zł|Sopot, |Centrum, ||56,01 m²||3||||||||||Wtórny|||Kamienica||1905||11.08.2023|14.03.2024|morizon-DH611767|768|0|||3|Na wyłączność|||||||
3 pokoje do własnej aranżacji|1 039 000 zł|Sopot, |Niepodległości||74 m²||3||||||||||Wtórny|||||1935||22.01.2024|09.04.2024|morizon-HEX411386573|225|0|85 m²|3/3|3|Na wyłączność||22.01.2024|||||
Niezwykły Apartament w wysokim standardzie z sauną|2 600 000 zł|Sopot, |Dolny, ||114,82 m²||2|2|||||Tak||||Wtórny|||||1903||27.01.2023|26.03.2024|morizon-EC298226|2 171|0||2/2|3||||||||
Słoneczny apartament blisko morza. 5min od Mola|2 790 000 zł|Sopot, |Kazimierza Wielkiego||112 m²||3||||||||||Wtórny|||Kamienica||1903||26.09.2023|23.03.2024|morizon-740192|208|0||3/3|||Gazowe||||||
Mieszkanie - Sopot|3 367 499 zł|Sopot, |Lipowa||134,70 m²||3||Osobna|1|||Nie||Nie||Wtórny|Własność|||||Bardzo dobry|13.01.2024|13.03.2024|morizon-AK0912|487|0||2/3||Na wyłączność|Gazowe||||||
Komfortowe 3 Pokoje Nowa Inwestycja 1,5 km od Molo|1 037 375 zł|Sopot, |Górny, ||48,25 m²||3||||||||||Pierwotny|||Apartamentowiec||2024||31.07.2023|20.03.2024|morizon-934238|214|0||1/3|1||Co Miejskie||||||
3 pokoje w Sopocie w kamienicy|1 169 000 zł|Sopot, |Świemirowo, ||73,40 m²||1|1|||||||||Wtórny|||Kamienica|Cegła|1900||01.05.2023|04.03.2024|morizon-HEX389395|577|0|||2|Na wyłączność|Gazowe|26.04.2023|||||
Sopot Dolny. 200 m do plaży.kamienica|1 249 000 zł|Sopot, |Dolny, ||71,70 m²||1||||||||||Wtórny|||Kamienica||1896||20.12.2023|23.03.2024|morizon-DH769380|419|0|||2||||||||
Unikatowy loft blisko morza, Sopot Dolny|1 350 000 zł|Sopot, |Dolny, ||90 m²||2|2|||||||||Wtórny|||Kamienica|Cegła|1923||17.11.2023|14.02.2024|morizon-WH259236|695|0|48 m²|2/2||Na wyłączność|Elektryczne|17.11.2023|||||
Ekskluzywny Apartament z tarasem i halą garażową|4 800 000 zł|Sopot, |Dolny, ||120 m²||3|1|||||||Tak||Wtórny|||Apartamentowiec||||09.02.2023|03.02.2024|morizon-EC142682|1 665|0||1/3|2|Na wyłączność|Co Miejskie|07.02.2023|||||
Dwa apartamenty na Cyprze północnym|600 000 zł|Sopot, |Grunwaldzka||47 m²||13||||||Tak||||Wtórny|||Apartamentowiec||2023||05.04.2023|24.08.2023|morizon-960959277|3 048|0||4/13|1||Inne||||||
Polna , Sopot apartament|2 400 000 zł|Sopot, |Dolny, |Bardzo dobry|76,50 m²|300 cm|3|1|Aneks|1|9 m²|Tak|Tak|9 m²|Tak|12 m²|Wtórny|Własność|Tak|Apartamentowiec|Cegła|2015|Bardzo dobry|09.04.2024|09.04.2024|morizon-152|51|0|||||||||||
Mieszkanie Sopot Centrum|698 000 zł|Sopot, |Józefa Czyżewskiego||53,80 m²||2||||||Tak||||Wtórny|||Kamienica|Cegła|||24.04.2023|17.01.2024|morizon-AG625377|1 716|0||1/2|||Gazowe||||||
Przestronne 3 pokoje na zamkniętym osiedlu|1 489 000 zł|Sopot, |23 Marca||100 m²||3||||||Tak||||Wtórny|||Apartamentowiec||1998||20.05.2023|10.03.2024|morizon-TC375466|1 030|0|99,20 m²|2/3|||Co Miejskie|01.05.2023|||||
Apartament z ogródkiem, Sopot, zamknięte osiedle|1 499 000 zł|Sopot, |Władysława Łokietka||58,30 m²||3||||||||||Wtórny|||Apartamentowiec||2011||04.08.2023|13.11.2023|morizon-PH226048|491|0|||||Co Miejskie||||||
Komfortowe 2 pokoje blisko morza|1 840 000 zł|Sopot, |Wyścigi, ||72,50 m²||3||||||Tak||||Wtórny|||Apartamentowiec|Cegła|2007||08.12.2023|29.01.2024|morizon-WH125915|389|0||1/3|1||||||||
MIeszkanie przy plaży z widokiem na morze|1 850 000 zł|Sopot, |Dolny, ||80 m²||3|2|||||||||Wtórny|||Kamienica|Cegła|1905||18.08.2023|26.01.2024|morizon-EC793682|1 027|0|44,10 m²|3/3|1|Na wyłączność|Elektryczne|11.08.2023|||||
Eleganckie 3 pokoje w Sopocie Dolnym|1 890 000 zł|Sopot, |Dolny, ||81 m²||2|1|||||||||Wtórny|||Kamienica|Cegła|1920||02.11.2023|22.01.2024|morizon-WH183127|422|0||1/2|2||Gazowe||||||
Mieszkanie z duszą, w świetnej lokalizacji|1 890 000 zł|Sopot, |Fryderyka Chopina||81,20 m²||3||||||||||Wtórny|||Kamienica|Cegła|1920||18.08.2023|19.01.2024|morizon-EC900321|598|0||1/3|1||Gazowe||||||
Piękne, klimatyczne mieszkanie w kamienicy|1 895 000 zł|Sopot, |Centrum, ||81 m²||3||||||||||Wtórny|||Kamienica||1920||17.11.2023|03.02.2024|morizon-DH209396|201|0||1/3|||||||||
Rentowna inwestycja! 5 pokoi Dolny Sopot|2 264 000 zł|Sopot, |Dolny, ||136,26 m²||3||||||Tak||||Wtórny|||Kamienica|Cegła|1910||07.12.2022|20.09.2023|morizon-PH677447|1 226|0||2/3||Na wyłączność|Gazowe||||||
Prosperujący obiekt inwestycyjny 3w1 200m od plaży|2 850 000 zł|Sopot, |Dolny, ||128 m²||3|1|||||||||Wtórny|||Kamienica|Cegła|1920||18.09.2023|13.02.2024|morizon-WH690813|424|0||1/3|5|Na wyłączność|Co Własne||||||
Apartament inwestycyjny w sercu Dolnego Sopotu|3 750 000 zł|Sopot, |Władysława Jagiełły||180 m²||2||||||Tak||||Wtórny|||Kamienica|Cegła|1905||12.09.2023|28.12.2023|morizon-553113|462|0||1/2|6|Na wyłączność|Gazowe||||||
Wyjątkowy Apartament - luksus i klasa sama w sobie|4 750 000 zł|Sopot, |Centrum, ||104 m²||3|1|||||||||Wtórny|||Kamienica|Cegła|1900||31.10.2023|11.01.2024|morizon-EC844861|526|0|||1|Na wyłączność|Co Własne||||||
Dwupokojowe mieszkanie po remoncie. Inwestycja|650 000 zł|Sopot, |Karlikowo, ||38 m²||3|1|||||||||Wtórny|||Kamienica|Cegła|1950||31.10.2022|05.02.2023|morizon-EC121751|2 684|0|||1|Na wyłączność|Gazowe||||||
Komfortowe 3 Pokoje Nowa Inwestycja 1,5 km od Molo|1 037 375 zł|Sopot, |Górny, ||48,25 m²||3||||||Tak||||Pierwotny|||Apartamentowiec||2024||23.03.2023|20.03.2024|morizon-708509|276|0||2/3|2||Co Miejskie||||||
Świetna przestrzeń po remoncie, 10 minut od plaży|1 485 000 zł|Sopot, |Dolny, ||50,20 m²||3||||||||||Wtórny|||Kamienica|Cegła|1950||02.10.2023|14.02.2024|morizon-EC252071|592|0||2/3|1|Na wyłączność|Gazowe||||||
Apartament z ogrodem i trzema sypialniami|2 550 000 zł|Sopot, |Dolny, ||92,65 m²||3||||||||Tak||Wtórny|||Apartamentowiec||2000||20.04.2023|01.03.2024|morizon-EC906287|602|0|||3||Co Miejskie||||||
2 pokojowe mieszkanie w centrum Sopotu- inwestycja|599 000 zł|Sopot, |Centrum, ||43,20 m²||3||||||||||Wtórny|||Kamienica||1905||11.08.2023|14.03.2024|morizon-DH331449|929|0|||2|Na wyłączność|||||||
Apartament Sopot|1 037 376 zł|Sopot|||48,25 m²||3|1|||||Tak||||Pierwotny|||Apartamentowiec|Konstrukcja mieszana|||16.02.2024|27.02.2024|morizon-DJ931113|107|0||1/3|||Co Własne|30.06.2024|||||
Mieszkanie - Sopot Górny|1 800 000 zł|Sopot, |Górny, ||108,90 m²||2||Półotwarta|3|||Nie||Nie||Wtórny|Własność||||1900|Bardzo dobry|27.11.2023|27.11.2023|morizon-CN0752|367|0||1/2|||Gazowe||||||
Kawalerka nad samym morzem|659 000 zł|Sopot, |Bitwy Pod Płowcami||33,60 m²||2|1|||||||||Wtórny|||Kamienica||1934||05.10.2023|02.02.2024|morizon-R-207055|947|0||||Na wyłączność|Gazowe|10.11.2023|||||
Klimatyczne mieszkanie Sopot 3 pokoje po remoncie blisko SKM wysoki standard|699 000 zł|Sopot, |Sopot Górny||50 m²||2||Oddzielna|1|||||||Wtórny|Własność|||Cegła|||23.02.2024|12.03.2024|morizon-525047|530|0|||||||||||
Mieszkanie - Sopot Dolny|800 000 zł|Sopot, |Dolny, ||27,90 m²||1||Półotwarta|1|||Nie||Nie||Wtórny|Własność||||1900|Bardzo dobry|14.11.2023|14.03.2024|morizon-CN0746|724|0|||||Gazowe||||||
Zamieszkaj w cichej części Sopotu|1 450 000 zł|Sopot, |Wyścigi, ||67,21 m²||2||||||Tak||||Wtórny|||Apartamentowiec||2000||24.08.2023|14.12.2023|morizon-DH234957|470|0||1/2||Na wyłączność|||||||
Apartament Sopot|1 473 340 zł|Sopot|||66,97 m²||3|1|||||Tak||||Pierwotny|||Apartamentowiec|Konstrukcja mieszana|||16.02.2024|16.02.2024|morizon-DJ677073|103|0||3/3|||Co Własne|30.06.2024|||||
MIeszkanie z dwoma balkonami i dużym strychem|2 075 000 zł|Sopot, |Dolny, ||96,03 m²||2|1|||||Tak||||Wtórny|||||1910||11.07.2023|20.02.2024|morizon-EC588404|864|0||2/2|2|Na wyłączność|||||||
Apartament z 2 balkonami, 2 miejscami parkingowymi|2 650 000 zł|Sopot, |Karlikowo, ||105,30 m²||2||||||Tak||||Wtórny|||Kamienica||2011||05.10.2023|23.01.2024|morizon-EC800848|590|0||2/2|2||Gazowe||||||
Czteropokojowy Apartament, tuż przy plaży|2 700 000 zł|Sopot, |Dolny, ||84,10 m²||2|1|||||||||Wtórny|||||1900||15.03.2023|08.01.2024|morizon-EC557196|1 102|0||1/2|3|Na wyłączność||15.03.2023|||||
Sopot Unikat- 4 osobne mieszkania|2 799 000 zł|Sopot, |Dolny, ||163 m²||2||||||Nie||Tak||Wtórny|||Kamienica||||24.10.2023|27.12.2023|morizon-474942|123|0||1/2|||Gazowe||||||
Opis nieruchomości|610 000 zł|Sopot (Grodzki), |Sopot, |Wysoki standard|22 m²||4||||||Tak||||Wtórny|Własność||||2021||28.02.2024|27.02.2024|morizon-18280008|162|0||2/4||Na wyłączność|Miejskie||||Mieszkanie|300|
Sopot - 2 pokoje - blisko plaży i centrum|950 000 zł|Sopot, |Stefana Okrzei|BARDZO WYSOKI STANDARD|44 m²||4||ANEKS KUCHENNY|1|||Tak||||Wtórny|||NISKI BLOK||||02.02.2024|12.04.2024|morizon-1831/13290/OMS|272|0||4/4|||||||||
Mieszkanie - Sopot Dolny|980 000 zł|Sopot, |Dolny, ||48,41 m²||2||Osobna|1|||Tak||Nie||Wtórny|Własność||||1960|Częściowo po remoncie|14.11.2023|01.12.2023|morizon-KO06971|345|0||1/2|||C.o. miejskie||||||
Zarabiający apartament przy ul Monte Cassino|1 494 500 zł|Sopot, |Bohaterów Monte Cassino||61 m²||2||||||||||Wtórny|||Kamienica|Cegła|1985||23.11.2023|10.04.2024|morizon-GOF177529|327|0|||3||Gazowe||||||
Cudowny dwupoziomowy apartament w sercu Sopotu|1 800 000 zł|Sopot, |gen. Władysława Sikorskiego||100 m²||3||OTWARTA|1|||||||Wtórny|WŁASNOŚĆ||KAMIENICA||1922||23.05.2022|29.02.2024|morizon-1910/464/OMS|6 100|0||3/3|||||||||
Opis nieruchomości|3 200 000 zł|Sopot, |Józefa Czyżewskiego||140 m²||4||||||||Tak||Wtórny|||Kamienica|Cegła|1930||27.11.2023|07.02.2024|morizon-HEX928822|393|0|112,90 m²|4/4|3|Na wyłączność|Co Miejskie||||||
Luksusowy 5-pokojowy apartament o pow. 132 m2|5 490 000 zł|Sopot, |Dolny, ||132 m²||3|1|||||||||Wtórny|||||2014||26.06.2023|21.02.2024|morizon-EC828727|624|0|||4||||||||
Polna , Sopot apartament|2 400 000 zł|Sopot, |Dolny, |Bardzo dobry|76,50 m²|300 cm|3|1|Aneks|1|9 m²|Tak|Tak|9 m²|Tak|12 m²|Wtórny|Własność|Tak|Apartamentowiec|Cegła|2015|Bardzo dobry|09.04.2024|09.04.2024|morizon-152|51|0|||||||||||
Mieszkanie z domkiem letniskowym blisko plaży|1 280 000 zł|Sopot, |Karlikowo, ||65 m²||2||||||||Tak||Wtórny|||||1930||15.03.2024|15.03.2024|morizon-HEX132884|147|0||1/2|2|Na wyłączność|||||||
Cudo architektury Sopotu, 85 m2|2 700 000 zł|Sopot, |Władysława Jagiełły||85 m²||2||||||||||Wtórny|||||1920||17.11.2023|14.02.2024|morizon-EC152031|205|0|||2|||11.06.2023|||||
Mieszkanie - Sopot Dolny|499 000 zł|Sopot, |Dolny, ||19,40 m²||3||Półotwarta|1|||Nie||Nie||Wtórny|Własność||||1900|Dobry|24.09.2023|05.04.2024|morizon-CN0769|696|0|||||Elektryczne||||||
Mieszkanie z ogrodem - stan deweloperski|1 430 000 zł|Sopot, |Dolny, ||68,40 m²||1|1|||||||||Wtórny|||Kamienica|Cegła|1896||09.06.2022|28.11.2023|morizon-EC401354|2 737|0|||2||||||||
Mieszkanie tuż przy plaży w najlepszej lokalizacji|1 490 000 zł|Sopot, |Dolny, ||63,30 m²||2|1|||||||||Wtórny|||Kamienica|Cegła|1900||27.10.2021|11.03.2024|morizon-EC802698|3 807|0||1/2|2||||||||
Mieszkanie w odrestaurowanej kamienicy|2 890 000 zł|Sopot, |Dolny, ||106 m²||2|1|||||Tak||||Wtórny|||Kamienica|Cegła|1890||15.02.2022|20.12.2023|morizon-WH735649|2 224|0||2/2|4|Na wyłączność|Co Miejskie||||||
Dwupoziomowy apartament z 2 balkonami blisko plaży|2 390 000 zł|Sopot, |Polna||114,16 m²||3|2|||||Tak||||Wtórny|||||2007||12.04.2021|17.11.2023|morizon-EC281982|4 400|0||3/3|2||||||||
Fenomenalny apartament w Sopocie Dolnym|2 950 000 zł|Sopot, |Dolny, ||112 m²||3|1|||||||||Wtórny|||Kamienica||1903||18.09.2023|30.11.2023|morizon-DJ649268|192|0||3/3|||Gazowe|18.09.2023|||||
Zainwestuj w Sopocie! Mieszkanie na sprzedaż|1 380 000 zł|Sopot, |Centrum, ||92 m²||2||||||||||Wtórny|||Kamienica||1913||05.06.2023|07.08.2023|morizon-DH990572|250|0||1/2|3||||||||
Mieszkanie - Sopot|1 249 000 zł|Sopot, |Karlikowska||56 m²||11||Osobna|1|||Tak||Nie||Wtórny|Własność||||1978|Wysoki standard|10.11.2022|10.11.2022|morizon-KJ04221|1 112|0||3/11|||C.o. miejskie||||||
Elegancki apartament w sercu Sopotu|7 000 000 zł|Sopot, |Jana Jerzego Haffnera||181,82 m²||3||||||||||Wtórny|||||2005||15.10.2022|29.12.2022|morizon-EC735198|2 207|0||2/3|2||||||||
3-pok.do własnej aranżacji w Sopocie Górnym|999 000 zł|Sopot, |Górny, ||66,10 m²||3|1|||||||||Wtórny|||Kamienica|Cegła|1890||09.02.2024|09.02.2024|morizon-DJ139289|274|0||3/3|||Gazowe|09.02.2024|||||
Unikatowy apartament nad morzem- SOPOT|2 950 000 zł|Sopot, |Kazimierza Wielkiego||112 m²||3||||||Tak||||Wtórny|||Kamienica||||19.10.2023|09.01.2024|morizon-212841|150|0||3/3|||||||||
mieszkanie 57 m2 w Dolnym Sopocie, blisko morza|1 150 000 zł|Sopot, |Dolny, |Do remontu|57 m²||2|1|Półotwarta|||Tak|Nie||Tak||Wtórny|Własność||Kamienica|Cegła|1920||26.02.2024|03.04.2024|morizon-1538357454|252|0||2/2|||Gazowe|Kwiecień 2024|||||
Komfortowe 4 Pokoje Nowa Inwestycja 1,5 km od Molo|1 473 340 zł|Sopot, |Górny, ||66,97 m²||3||||||Tak||||Pierwotny|||Apartamentowiec||2024||23.03.2023|02.11.2023|morizon-881342|264|0||2/3|3||Co Miejskie||||||
Komfortowe 4 Pokoje Nowa Inwestycja 1,5 km od Molo|2 284 375 zł|Sopot, |Górny, ||106,25 m²||3||||||Tak||||Pierwotny|||Apartamentowiec||2024||23.03.2023|05.06.2023|morizon-956142|393|0||2/3|4||Co Miejskie||||||
Mieszkanie - Sopot|2 490 000 zł|Sopot, |Wyścigi, ||129,76 m²||1||Osobna|1|||Tak||Nie||Wtórny|Własność||||1909|Do odświeżenia|04.11.2021|24.02.2024|morizon-PU0225|2 380|0||1/1|||Gazowe||||||
Parkowa w najlepszym wydaniu|6 600 000 zł|Sopot, |Dolny, ||122 m²||3||||||Tak||||Wtórny|||||||05.03.2024|04.03.2024|morizon-529264795|113|0||1/3|3|Na wyłączność|||||||
Mieszkanie 70m2 Sopot! 300 metrów od morza|1 260 000 zł|Sopot|||70 m²||2|1|||||||||Wtórny|||Kamienica|Cegła|||14.09.2023|31.12.2023|morizon-DJ524401|745|0|||||Co Własne|13.09.2023|||||
Apartament z dużym ogrodem w sercu Sopotu|2 337 500 zł|Sopot, |Górny, ||106,25 m²||3|1|||||||||Pierwotny|||Apartamentowiec|Silikat|2023||07.08.2023|30.11.2023|morizon-TC550387|298|0|||4||Co Miejskie||||||
Na sprzedaż 3 pokojowe mieszkanie Sopot|650 000 zł|Sopot, |Przylesie, ||46,16 m²||10||||||||||Wtórny|||||||14.02.2024|14.02.2024|morizon-1538281848|121|0||10/10||||Od zaraz|||||
Inwestycyjne 3 mieszkania w jednym Sopot koło UG|1 649 000 zł|Sopot, |Artura Grottgera||93,10 m²||3||||||Tak||||Wtórny|||||1950||12.01.2022|14.05.2023|morizon-980811|2 641|0||2/3||Na wyłączność|||||||
Dwa apaartamenty Sopot|2 290 000 zł|Sopot, |Władysława Łokietka||74 m²||3|1|||||||Tak||Wtórny|||Apartamentowiec|Pustak|||09.11.2023|04.02.2024|morizon-DJ495680|182|0|||||Co Miejskie|09.11.2023|||||
Sopot Dolny, Sopot Górny, Sopot Wyścigi|1 500 000 zł|Sopot, |Dolny, ||80 m²|300 cm|1|1|Otwarta|1|4 m²|Nie|Tak|4 m²|Tak|10 m²|Wtórny|Własność|Tak|Kamienica|Cegła|1900|Bardzo dobry|01.12.2023|29.03.2024|morizon-SE0000|578|0|||||||100 m²||||4 m²
Mieszkanie - Sopot|1 880 000 zł|Sopot, |Dolny, |Bardzo dobry|81 m²||2|1|Osobna|1||Nie|Nie||Nie||Wtórny|Własność|Tak|Kamienica||1910|Bardzo dobry|21.11.2023|02.02.2024|morizon-HL0813|235|0||1/2|||Gazowe||||||
