Nazwa,Cena,Miasto,Dzielnica,Pokoje,Pow. całkowita,Piętro,Liczba pięter,Liczba poziomów mieszkania,Liczba sypialni,Rynek,Rodzaj umowy,Typ budynku,Materiał budowlany,Rok budowy,Ogrzewanie,Data dodania,Aktualizacja,Numer ogłoszenia,Liczba odsłon,Liczba Punktów Podbić,Typ kuchni,Liczba łazienek,Balkon,Taras,Forma własności,Stan budynku,Stan nieruchomości,Stolarka okienna,Dostępne od,Wysokość wnętrza,łazienka razem z WC,Depozyt za wynajem,Pow. balkonu,Pow. ogródka,Cena do negocjacji,Pow. łazienki,Pow. użytkowa,Pow. tarasu,Dodatkowe koszty,Pow. loggii,Typ domu,Urządzony ogród,Typ nieruchomości,Typ oferty
Gustowny Apartament z wejściem od Monte Cassino,14000.0,Sopot,Dolny Sopot, 4,175.0,2,3,1.0,2.0,Wtórny,Na wyłączność,Kamienica,Cegła,1901.0,Gazowe,05.06.2023,09.10.2023,morizon-102548,853,26,,,,,,,,,,,,,,,,,,,,,,,,Najmu
Nowe mieszkanie niskie opłatyk/SKM Sopot Wyścigi,4450.0,Sopot,Wyścigi, 3,50.0,3,3,,,Wtórny,Na wyłączność,,,,Elektryczne,01.03.2024,01.03.2024,morizon-RR02080,470,25,Półotwarta,1.0,Nie,Nie,Własność,Wysoki standard,,,,,,,,,,,,,,,,,,Najmu
Mieszkanie na wynajem Sopot,3700.0,Sopot,Górny Sopot, 3,40.0,1,3,,,Wtórny,,Kamienica,,1920.0,Własne gazowe – junkers,05.04.2024,05.04.2024,morizon-827956,191,19,,,,,,,Po remoncie,Nowe PCV,,,,,,,,,,,,,,,,Najmu
2-pokojoweumeblowanehala garażowa,2800.0,Sopot,Świemirowo, 2,47.0,1,2,,,Wtórny,Na wyłączność,Blok,,2006.0,Co Miejskie,09.01.2024,12.04.2024,morizon-469111,431,5,,,Tak,,,,,,,,,,,,,,,,,,,,,Najmu
Mieszkanie w Sopocie Dolnym - 2 min od morza,4500.0,Sopot,Dolny Sopot, 1,26.6,3,3,,,Wtórny,Na wyłączność,Kamienica,Cegła,1900.0,Elektryczne,19.02.2024,15.04.2024,morizon-PAN479788,252,1,,,Nie,Nie,,,,,,,,,,,,,,,,,,,,Najmu
Mieszkanie na wynajem na cały rok Sopot Centrum,5000.0,Sopot,Górny Sopot, 4,71.6,1,1,,3.0,Wtórny,,Kamienica,Cegła,1940.0,Gazowe,05.04.2024,05.04.2024,morizon-WH751333,150,0,,,,,,,,,31.03.2024,,,,,,,,,,,,,,,Najmu
Wynajem długoterminowy2 pokojeSopot23 Marca,2800.0,Sopot,Górny Sopot, 2,36.0,3,4,,1.0,Wtórny,,Blok,,,Co Miejskie,18.04.2024,18.04.2024,morizon-DH209065,50,0,,,Nie,,,,,,01.05.2024,,,,,,,,,,,,,,,Najmu
Sopotkameralna inwestycjablisko SKMplaża ,3000.0,Sopot,Kamienny Potok, 2,56.0,3,3,,1.0,Wtórny,,Apartamentowiec,,2014.0,Co Własne,18.04.2024,18.04.2024,morizon-DH855262,43,0,,,Tak,,,,,,15.05.2024,,,,,,,,,,,,,,,Najmu
Apartament z widokiem na morze,12000.0,Sopot,Górny Sopot, 3,87.0,3,3,,2.0,Wtórny,Na wyłączność,Apartamentowiec,YTong,2016.0,Co Miejskie,12.04.2024,12.04.2024,morizon-WH284165,117,0,,,Tak,,,,,,12.04.2024,,,,,,,,,,,,,,,Najmu
Ciche mieszkanie w Sopocie w pięknej okolicy,3800.0,Sopot,Górny Sopot, 2,52.0,1,3,,,Wtórny,Na wyłączność,,,,,10.04.2024,19.04.2024,morizon-48876/2089/OMW,125,0,ANEKS KUCHENNY,1.0,Tak,,WŁASNOŚĆ,,WYSOKI STANDARD,,02.04.2024,285 cm,,,,,,,,,,,,,,Najmu
Duże mieszkanie w Sopocieblisko lasu,3500.0,Sopot,Brodwino, 4,69.0,7,10,1.0,3.0,Wtórny,Na wyłączność,Wieżowiec,Konstrukcja mieszana,1973.0,Co Miejskie,27.03.2024,27.03.2024,morizon-PN262456,190,0,,,Tak,,,,,,,,,,,,,,,,,,,,,Najmu
Mieszkanie 2-pokojowe Sopot Aquarius,3400.0,Sopot,Górny Sopot, 2,38.0,2,4,,1.0,Wtórny,Na wyłączność,Apartamentowiec,Inny,2014.0,Miejskie,10.04.2024,10.04.2024,morizon-67,158,0,Aneks,1.0,Tak,,Inny,,Bardzo dobry,PCV,10.04.2024,,Tak,1000.0,,,,,,,,,,,,Najmu
2 pok mieszkanie w Sopocie z miejscem postojowym,3500.0,Sopot,Dolny Sopot, 2,40.0,2,3,1.0,1.0,Wtórny,Na wyłączność,Kamienica,Pustak,2005.0,Co Miejskie,17.03.2024,21.04.2024,morizon-DJ519166,298,0,,,Tak,,,,,,13.04.2024,,,,,,,,,,,,,,,Najmu
Mieszkanie z dwoma balkonaminajem długoterminowy,5000.0,Sopot,Karlikowo, 3,62.0,2,3,1.0,2.0,Wtórny,Na wyłączność,,,,,09.04.2024,12.04.2024,morizon-EC160571,136,0,,,Tak,,,,,,01.06.2024,,,,,,,,,,,,,,,Najmu
Piękny apartament w przedwojennym domu w Sopocie,5700.0,Sopot,Górny Sopot, 4,110.0,3,3,,,Wtórny,,Dom wielorodzinny,,,Co Miejskie,04.03.2024,17.04.2024,morizon-DH604251,283,0,,,,,,,,,24.10.2023,,,,,,,,,,,,,,,Najmu
Sopot Kamienny Potok z charakterem,2900.0,Sopot,Kamienny Potok, 2,45.63,7,7,,,Wtórny,Na wyłączność,Wieżowiec,,,C.O. Z SIECI MIEJSKIEJ,22.03.2024,21.04.2024,morizon-48828/2089/OMW,221,0,ANEKS KUCHENNY,1.0,Tak,,SPÓŁDZIELCZE WŁASNOŚCIOWE,,,,25.03.2024,240 cm,,,,,,,,,,,,,,Najmu
Trzypokojowy apartement z dużym ogródkiem,6500.0,Sopot,Karlikowo, 3,74.0,3,3,,,Wtórny,,Blok,,,,18.04.2024,18.04.2024,morizon-24/7067/OMW,36,0,,,,,,,WYSOKI STANDARD,,,,,,,,,,,,,,,,,Najmu
Wysoki standardcicha okolica1 miejsce w hali,3500.0,Sopot,Dolny Sopot, 2,42.0,1,3,,,Wtórny,Na wyłączność,Blok,YTong,2019.0,Co Miejskie,11.04.2024,12.04.2024,morizon-PAN189265,135,0,,,Tak,,,,,,,,,,,,,,,,,,,,,Najmu
3 pokoje z dużym tarasem i ogródkiem,6500.0,Sopot,Karlikowo, 3,74.0,3,3,,2.0,Wtórny,Na wyłączność,Blok,Konstrukcja mieszana,2000.0,Co Miejskie,18.03.2024,04.04.2024,morizon-CP27617170,66,0,,,,Tak,,,,,15.03.2024,,,,,,,,,,,,,,,Najmu
Sopot2-pokojeul. Łokietka 19,4000.0,Sopot,Karlikowo, 2,45.0,1,3,,1.0,Wtórny,Na wyłączność,Apartamentowiec,Inny,2011.0,Miejskie,02.02.2024,10.04.2024,morizon-265,331,0,Aneks,1.0,Tak,,Inny,,Bardzo dobry,PCV,05.02.2024,,Tak,1000.0,,,,,,,,,,,,Najmu
Idealna lokalizacja- Sopot ul. Władysława IV,2000.0,Sopot,Karlikowo, 2,37.0,2,3,,1.0,Wtórny,Na wyłączność,,,,,18.04.2024,18.04.2024,morizon-448354,78,0,,,,,,,,,,,,,,,,,,,,,,,,Najmu
2-pokojowe mieszkanie na os.Parkur,2400.0,Sopot,Karlikowo, 2,41.0,3,3,1.0,,Wtórny,,Apartamentowiec,,2006.0,Co Miejskie,31.12.2023,12.04.2024,morizon-DJ547146,1 083,0,,,,Tak,,,,,13.03.2024,,,,,,,,,,,,,,,Najmu
Wyjątkowe mieszkanie na wynajem w Sopocie,5500.0,Sopot,Dolny Sopot, 3,69.0,3,3,,2.0,Wtórny,Na wyłączność,Kamienica,,,Co Miejskie,19.12.2023,15.04.2024,morizon-DH815056,285,0,,,Tak,,,,,,20.12.2023,,,,,,,,,,,,,,,Najmu
Mieszkanie - Sopot Brodwino,2900.0,Sopot,Brodwino, 3,54.0,10,10,,,Wtórny,,,,1975.0,C.o. miejskie,18.02.2024,20.04.2024,morizon-IB07297,273,0,Osobna,1.0,Tak,Nie,Spółdzielcze własnościowe z KW,Bardzo dobry,,,,,Nie,,4 m²,,,,,,,,,,,Najmu
Dwa pokoje z ogrodem 5 min od plaży,4000.0,Sopot,Wyścigi, 2,52.5,3,3,,1.0,Wtórny,Na wyłączność,Apartamentowiec,YTong,2010.0,Co Miejskie,12.02.2024,17.04.2024,morizon-WH114665,276,0,,,,Tak,,,,,29.02.2024,,,,,,,,,,,,,,,Najmu
Mieszkanie - Sopot,400.0,Sopot,Brodwino, 3,48.0,1,4,,,Wtórny,Na wyłączność,,,,C.o. miejskie,11.04.2024,20.03.2024,morizon-IT01304,157,0,Osobna,1.0,Tak,Nie,Własność,Bardzo dobry,,,,,,,,,,,,,,,,,,Najmu
ŚWIETNIE ZLOKALIZOWANE MIESZKANIE - 70 M OD PLAŻY,4000.0,Sopot,Dolny Sopot, 2,51.0,3,3,,,Wtórny,Na wyłączność,Apartamentowiec,,,C.O. Z SIECI MIEJSKIEJ,18.12.2023,10.04.2024,morizon-48244/2089/OMW,254,0,ANEKS KUCHENNY,1.0,Tak,,WŁASNOŚĆ,,WYSOKI STANDARD,,07.12.2023,,,,,,,,,,,,,,,Najmu
Klimatyczny apartament z kominkiem,6000.0,Sopot,Dolny Sopot, 4,100.0,1,4,1.0,,Wtórny,Na wyłączność,Kamienica,,,Gazowe,24.08.2023,13.01.2024,morizon-EC302327,379,0,,,Tak,Nie,,,,,,,,,,,,,,,,,,,,Najmu
boho mieszkanie w sopockiej kamienicy,2000.0,Sopot,Górny Sopot, 2,31.0,1,4,,,Wtórny,Na wyłączność,,,,,06.10.2023,22.03.2024,morizon-825973744,1 106,0,,,,,,,,,,,,,,,,,,,,,,,,Najmu
Mieszkanie - Sopot Dolny,250.0,Sopot,Dolny Sopot, 2,49.34,2,3,,,Wtórny,,,,2018.0,C.o. miejskie,23.07.2018,26.07.2023,morizon-IT0958,3 414,0,Półotwarta,1.0,Nie,Tak,Własność,Wysoki standard,,,,,,,,,,,,,,,,,,Najmu
nieruchomość w samym sercu Sopotu,6900.0,Sopot,Dolny Sopot, 5,136.26,2,3,,,Wtórny,Na wyłączność,Kamienica,Cegła,1910.0,Gazowe,08.11.2022,20.09.2023,morizon-PH791593,960,0,,,Tak,,,,,,,,,,,,,,,,,,,,,Najmu
Od poł. września | kawalerka blisko SKM,1400.0,Sopot,Górny Sopot, 1,18.31,4,5,,,Wtórny,Na wyłączność,,,,,10.01.2024,13.04.2024,morizon-PARK1709537,471,0,,,,,,,,,,,,,,,,,,,,,,,,Najmu
Mieszkanie - Sopot Centrum,250.0,Sopot,Dolny Sopot, 3,46.0,9,11,,,Wtórny,Na wyłączność,,,1975.0,C.o. miejskie,27.07.2020,26.07.2023,morizon-IT01158,3 149,0,Półotwarta,1.0,Tak,Nie,Własność,Bardzo dobry,,,,,,,,,,,,,,,,,,Najmu
Dwupoziomowy 3-pokojowy apartament w Sopocie,4400.0,Sopot,Wyścigi, 3,58.0,2,2,1.0,,Wtórny,,Apartamentowiec,,2019.0,Pompa Ciepła,21.09.2023,07.03.2024,morizon-DJ837193,304,0,,,Tak,Tak,,,,,19.09.2023,,,,,,,,,,,,,,,Najmu
Luksusowe mieszkanie w Sopocie,6500.0,Sopot,Dolny Sopot, 2,52.0,1,4,,,Wtórny,,Blok,,,Co Miejskie,10.08.2023,18.10.2023,morizon-DH784090,186,0,,,Tak,,,,,,01.09.2023,,,,,,,,,,,,,,,Najmu
2-pokojowe mieszkanie z DWOMA BALKONAMI w Sopocie,3000.0,Sopot,Dolny Sopot, 2,55.0,1,3,1.0,,Wtórny,,Blok,Pustak,2001.0,Co Własne,31.12.2023,07.03.2024,morizon-DJ940236,276,0,,,Tak,,,,,,03.07.2023,,,,,,,,,,,,,,,Najmu
Mieszkanie - Sopot Dolny,250.0,Sopot,Dolny Sopot, 3,66.26,4,4,,,Wtórny,Na wyłączność,,,1975.0,C.o. miejskie,16.06.2017,27.03.2023,morizon-IT0625,2 476,0,Osobna,1.0,Tak,Nie,Spółdzielcze własnościowe,Bardzo dobry,,,,,,,3 m²,,,,,,,,,,,Najmu
2-pokojowy apartament w Sopocie,2900.0,Sopot,Wyścigi, 2,38.0,2,2,1.0,,Wtórny,,Apartamentowiec,,2019.0,Pompa Ciepła,21.10.2023,07.03.2024,morizon-DJ749378,289,0,,,Tak,,,,,,09.12.2023,,,,,,,,,,,,,,,Najmu
Apartament z Patio (ogródkiem),7000.0,Sopot,Karlikowo, 3,70.0,3,3,1.0,,Wtórny,Na wyłączność,Blok,Bloczki,,Miejskie,15.03.2024,18.03.2024,morizon-231,181,0,Aneks,1.0,,,Własność,Bardzo dobry,Bardzo dobry,,29.03.2024,,Tak,,,40 m²,Tak,,,,,,,,,Najmu
Słoneczny138-metrowy Lokal na wynajem,8000.0,Sopot,Dolny Sopot, 4,138.0,2,4,1.0,,Wtórny,,,,,,17.07.2023,12.02.2024,morizon-EC775535,300,0,,,,,,,,,,,,,,,,,,,,,,,,Najmu
Luksusowy 5-pokojowy apartament o pow. 132 m2,12000.0,Sopot,Dolny Sopot, 5,132.0,3,3,1.0,4.0,Wtórny,,,,2014.0,,26.06.2023,17.11.2023,morizon-EC358808,261,0,,,,,,,,,,,,,,,,,,,,,,,,Najmu
Mieszkanie 3 pokoje - idealne na podnajem! Centrum Sopotu,6000.0,Sopot,Dolny Sopot, 3,90.0,1,3,1.0,,Wtórny,,Kamienica,,1970.0,,03.06.2022,18.03.2024,morizon-106-1,417,0,Otwarta,1.0,Tak,Nie,,Dobry,,,01.04.2024,280 cm,Tak,,2 m²,,,7 m²,,,,,,,,Najmu
Mieszkanie na wynajem - Sopot - nad morzem,3050.0,Sopot,Wyścigi, 2,32.0,2,3,,,Wtórny,,Blok,,,Co Miejskie,18.09.2023,27.11.2023,morizon-DH440034,198,0,,,,,,,,,01.09.2023,,,,,,,,,,,,,,,Najmu
Do wynajęcia przytulne mieszkanie w Sopocie,2600.0,Sopot,Dolny Sopot, 2,30.0,3,3,,,Wtórny,,,,,C.o. miejskie,03.11.2023,02.11.2023,morizon-GB05842,430,0,Półotwarta,1.0,Nie,Nie,Własność,Bardzo dobry,,,,,,,,,,,,,,,,,,Najmu
Mieszkanie - Sopot Kamienny Potok,2200.0,Sopot,Kamienny Potok, 2,36.0,7,10,,,Wtórny,Na wyłączność,,,1975.0,C.o. miejskie,27.09.2023,02.10.2023,morizon-IT01294,427,0,Osobna,1.0,Nie,Nie,Własność,Bardzo dobry,,,,,,,,,,,,,,,,,,Najmu
Wynajmę umeblowane mieszkanie w Sopocie Brodwino,3000.0,Sopot,Brodwino, 3,55.0,9,11,,,Wtórny,,Blok,,,,25.03.2023,25.04.2023,morizon-gratka-29944959,1 376,0,Aneks,,Tak,,,,Dobry,,01.04.2023,,Tak,,,,,,,,,,,,,Najmu
Unikatowy apartament ok.150 m2 z tarasemSopot,5320000.0,Sopot,Dolny Sopot, 3,150.0,3,3,,,Wtórny,,Kamienica,CEGŁA,1906.0,C.O. GAZOWE,02.04.2024,02.04.2024,morizon-5598/1826/OMS,221,0,ODDZIELNA,2.0,,,WŁASNOŚĆ,,BARDZO WYSOKI STANDARD,,,340 cm,,,,,,,,,,,,,,Sprzedaży
Unikatowy loft blisko morzaSopot Dolny,1350000.0,Sopot,Dolny Sopot, 3,90.0,2,2,2.0,,Wtórny,Na wyłączność,Kamienica,Cegła,1923.0,Elektryczne,17.11.2023,14.02.2024,morizon-WH259236,893,300,,,,,,,,,17.11.2023,,,,,,,,48 m²,,,,,,,Sprzedaży
Eleganckie 3 pokoje w Sopocie Dolnym,1890000.0,Sopot,Dolny Sopot, 3,81.0,1,2,1.0,2.0,Wtórny,,Kamienica,Cegła,1920.0,Gazowe,02.11.2023,22.01.2024,morizon-WH183127,539,300,,,,,,,,,,,,,,,,,,,,,,,,Sprzedaży
W pełni wyposażone 2 pok. w centrum Sopotu,1459000.0,Sopot,Dolny Sopot, 2,49.0,3,4,,,Wtórny,,Blok,,1967.0,,17.04.2024,17.04.2024,morizon-gratka-34312935,41,100,Osobna,,Tak,,Spoldzielcze-wlasnosciowe-KW,,Wysoki standard,,,,Tak,,,,,,,,,,,,,Sprzedaży
Słoneczne mieszkanie idealne pod inwestycję,779000.0,Sopot,Dolny Sopot, 1,30.0,2,2,,,Wtórny,,Kamienica,Cegła,1930.0,,08.04.2024,08.04.2024,morizon-gratka-34213929,180,100,Osobna,,,,Własność,,Wysoki standard,,09.04.2024,,Tak,,,,,,,,,,,,,Sprzedaży
Połowa domu w Górnym Sopocie ogród taras garaż,2650000.0,Sopot,Górny Sopot, 3,105.0,1,1,,2.0,Wtórny,,Kamienica,Cegła,1920.0,Gazowe,07.04.2023,28.02.2024,morizon-EC926966,2 614,53,,,,Tak,,,,,07.04.2023,,,,,,,,,,,,,,,Sprzedaży
Przestronne i stylowe mieszkanie w sercu Sopotu,939999.0,Sopot,Dolny Sopot, 2,60.0,4,4,,,Wtórny,,Kamienica,Cegła,,,17.01.2024,19.04.2024,morizon-gratka-33069239,156,50,Osobna,,,,Własność,,Wysoki standard,,01.05.2024,,Tak,,,,,,,,,,,,,Sprzedaży
Mieszkanie - Sopot Dolny,980000.0,Sopot,Dolny Sopot, 2,48.41,1,2,1.0,,Wtórny,,Dom wielorodzinny,Cegła,1960.0,C.o. miejskie,14.11.2023,16.03.2024,morizon-PU0244,1 379,40,Osobna,1.0,Tak,Nie,Własność,Częściowo po remoncie,Do remontu,,,,Tak,,,,,,,,,,,,,Sprzedaży
3 min. spacerkiem do plaży,659000.0,Sopot,Dolny Sopot, 1,32.1,3,3,,,Wtórny,,,,,Gazowe,17.11.2023,21.04.2024,morizon-ET033034,569,31,Brak,1.0,Nie,Nie,(Nieznany),Bardzo dobry,,,,,,,,,,,,,,,,,,Sprzedaży
Mieszkanie do remontu w kamienicy Górny Sopot,999000.0,Sopot,Górny Sopot, 3,66.1,3,3,1.0,2.0,Wtórny,,Kamienica,Cegła,1890.0,Gazowe,27.02.2024,15.04.2024,morizon-211006,1 072,26,,,,,,,,,,,,,,,,,,,,,,,,Sprzedaży
Apartament inwestycyjny z najemcą w Sopocie Górnym,1995000.0,Sopot,Górny Sopot, 2,69.0,2,3,1.0,1.0,Wtórny,Na wyłączność,Apartamentowiec,,2015.0,Co Miejskie,26.01.2024,15.04.2024,morizon-832341,910,26,,,Tak,,,,,,01.09.2023,,,,,,,,,,,,,,,Sprzedaży
Spektakularny apartament w nowoczesnej willi,8690000.0,Sopot,Dolny Sopot, 4,200.11,2,3,2.0,,Wtórny,Na wyłączność,Wolnostojący,,2022.0,Gazowe,22.02.2024,04.04.2024,morizon-935319,1 236,26,,,Tak,Tak,,,,,21.12.2023,,,,,,,,178 m²,,,,,,,Sprzedaży
Trzypokojowy apartament z wygodnym tarasem,1870530.0,Sopot,Górny Sopot, 3,78.9,3,3,1.0,2.0,Wtórny,,Apartamentowiec,Konstrukcja mieszana,2023.0,Co Miejskie,08.01.2024,15.04.2024,morizon-175434,745,26,,,,,,,,,,,,,,,,,"74,42 m²",,,,,,,Sprzedaży
Apartamenty wakacyjne tuż przy sopockim molo,3500000.0,Sopot,Dolny Sopot, 9,160.0,2,4,1.0,9.0,Wtórny,Na wyłączność,Kamienica,Cegła,1920.0,Gazowe,24.12.2021,13.04.2024,morizon-713465,5 811,26,,,Tak,,,,,,,,,,,,,,,,,,,,,Sprzedaży
Apartament przy molo w Sopocie,4200000.0,Sopot,Dolny Sopot, 4,175.0,2,3,1.0,2.0,Wtórny,Na wyłączność,Kamienica,Cegła,1901.0,Co Własne,13.07.2023,15.03.2024,morizon-965277,2 183,26,,,,,,,,,,,,,,,,,,,,,,,,Sprzedaży
Dwa nietuzinkowe apartamenty 300 metrów od plaży,2999000.0,Sopot,Dolny Sopot, 5,121.98,3,3,1.0,3.0,Wtórny,,Kamienica,Cegła,1911.0,Gazowe,19.02.2023,15.02.2024,morizon-584115,2 497,26,,,,,,,,,,,,,,,,,,,,,,,,Sprzedaży
Apartament z pięknym tarasem,3543204.0,Sopot,Dolny Sopot, 4,105.6,1,3,1.0,3.0,Wtórny,,Apartamentowiec,Konstrukcja mieszana,2018.0,Co Miejskie,11.12.2023,15.04.2024,morizon-994248879,847,26,,,,,,,,,07.12.2023,,,,,,,,"99,91 m²",,,,,,,Sprzedaży
Apartament z ogródkiem - Sopot,972047.0,Sopot,Świemirowo, 2,49.4,3,3,,1.0,Pierwotny,,Apartamentowiec,,2024.0,,03.04.2024,05.04.2024,morizon-EC446521,158,25,,,,Tak,,,,,,,,,,,,,,,,,,,,Sprzedaży
Górny Sopot 2 pok. 45 m,899000.0,Sopot,Górny Sopot, 2,44.9,3,3,,,Wtórny,Na wyłączność,,Różnorodny,1937.0,C.o. miejskie,11.04.2024,12.04.2024,morizon-AK0916,234,25,Osobna,1.0,Nie,Nie,Własność,Do remontu,,,,,,,,,,,,,,,,,,Sprzedaży
Bezczynszowe mieszkanie w Sopocie 47 13m2,678000.0,Sopot,Górny Sopot, 2,47.13,1,2,,,Wtórny,Na wyłączność,Kamienica,Cegła,1930.0,Gazowe,02.02.2024,17.04.2024,morizon-LDK211739,995,25,,,,,,,,,22.01.2024,,,,,,,,,,,,,,,Sprzedaży
Mieszkanie w Sopocieblisko plaży,975000.0,Sopot,Karlikowo, 2,53.1,2,2,,,Wtórny,,,,1920.0,,05.01.2024,19.04.2024,morizon-814100,1 313,25,,,Tak,,,,,,15.09.2023,,,,,,,,"42,34 m²",,,,,,,Sprzedaży
Mieszkanie - Sopot Karlikowo,1220000.0,Sopot,Karlikowo, 4,77.9,6,11,1.0,,Wtórny,,Blok,Wielka płyta,1970.0,C.o. miejskie,04.11.2023,22.03.2024,morizon-BE0550,848,25,Otwarta,1.0,Tak,Nie,Spółdzielcze własnościowe z KW,Bardzo dobry,Bardzo dobry,,21.03.2024,260 cm,Tak,,4 m²,,Tak,4 m²,,,,,,,,Sprzedaży
Apartament w Kamiennym Potoku,1250000.0,Sopot,Kamienny Potok, 3,64.6,2,2,1.0,,Wtórny,,Apartamentowiec,,,,09.04.2024,15.04.2024,morizon-1538590169,235,25,Osobna,,Tak,,Własność,,Wysoki standard,,Od zaraz,,Tak,,,,Tak,,,,,,,,,Sprzedaży
Lukusowy apartament bezposrednio,1520000.0,Sopot,Dolny Sopot, 2,50.0,4,4,1.0,,Pierwotny,,Apartamentowiec,Cegła,2014.0,Gazowe,29.03.2024,29.03.2024,morizon-1538551944,309,25,Aneks,,,,Własność,,Bardzo dobry,,Od zaraz,,Tak,,,,,,,,,,,,,Sprzedaży
Piękny apartament w centrum starego Sopotu,2190000.0,Sopot,Dolny Sopot, 3,67.28,3,4,4.0,,Wtórny,,Kamienica,Cegła,1900.0,,20.03.2024,12.04.2024,morizon-1538487076,442,25,Otwarta,,Tak,,Własność,,Bardzo dobry,,Od zaraz,,Tak,,,,,,,,,,,,,Sprzedaży
PIĘKNE mieszkaniepas nadmorski2 pok. Sopot,570000.0,Sopot,Brodwino, 2,33.0,3,3,,,Wtórny,,,,,,13.04.2024,13.04.2024,morizon-1538637552,162,25,,,,,,,,,Od zaraz,,,,,,,,,,,,,,,Sprzedaży
Mieszkanie 400 m od plaży!!! / Dolny SOPOT,856900.0,Sopot,Dolny Sopot, 2,41.0,1,3,,,Wtórny,,,,,,19.04.2024,19.04.2024,morizon-1538670595,41,25,,,,,,,,,Od zaraz,,,,,,,,,,,,,,,Sprzedaży
Nieruchomość w zabytkowej kamienicy !SERCE SOPOTU,1699000.0,Sopot,Dolny Sopot, 4,86.6,3,3,1.0,3.0,Wtórny,Na wyłączność,Kamienica,,1930.0,Gazowe,14.04.2024,14.04.2024,morizon-MG617712,90,4,,,,,,,,,,,,,,,,,,,,,,,,Sprzedaży
Piękna kawalerka Sopot Sobieskiego,919000.0,Sopot,Dolny Sopot, 1,34.1,3,4,1.0,,Wtórny,Na wyłączność,Blok,,2000.0,Co Miejskie,11.03.2024,14.03.2024,morizon-MG275414,119,4,,,,,,,,,01.04.2024,,,,,,,,,,,,,,,Sprzedaży
Sopotpo remoncieinwestycjagaraż,899000.0,Sopot,Górny Sopot, 3,70.9,3,3,2.0,,Wtórny,Na wyłączność,Kamienica,,1963.0,Gazowe,12.06.2023,12.03.2024,morizon-MG695903,1 212,4,,,,Tak,,,,,,,,,,,,,,,,,,,,Sprzedaży
Ogród 201m2 w centrum Sopotu! | Balkon 4.5m2,699000.0,Sopot,Górny Sopot, 2,40.69,1,2,1.0,,Wtórny,Na wyłączność,Kamienica,,1930.0,Gazowe,05.01.2024,02.04.2024,morizon-MG414313,655,4,,,Tak,,,,,,,,,,,,,,,,,,,,,Sprzedaży
3 pokoje Sopot Monte Casino,2500000.0,Sopot,Dolny Sopot, 3,100.0,1,3,,,Wtórny,Na wyłączność,Kamienica,,1906.0,Elektryczne,19.08.2022,03.08.2023,morizon-MG949496,1 618,4,,,,,,,,,,,,,,,,,,,,,,,,Sprzedaży
Mieszkanie w Sopocieblisko plaży,975000.0,Sopot,Karlikowo, 2,53.1,2,2,,,Wtórny,,,,1920.0,,20.09.2023,24.03.2024,morizon-JGN351104,789,3,,,Tak,,,,,,15.09.2023,,,,,,,,"42,34 m²",,,,,,,Sprzedaży
Blisko morza | Kawalerka typu STUDIO | Po remoncie,679000.0,Sopot,Dolny Sopot, 1,26.07,3,3,1.0,,Wtórny,,Blok,,1980.0,Co Miejskie,11.04.2024,19.04.2024,morizon-MG608937,52,2,,,,,,,,,,,,,,,,,,,,,,,,Sprzedaży
Apartament Aquarius Sopot,1995000.0,Sopot,Górny Sopot, 3,69.0,2,3,1.0,,Wtórny,,Blok,,2011.0,Co Miejskie,01.03.2024,19.04.2024,morizon-MG691459,127,2,,,Tak,,,,,,,,,,,,,,,,,,,,,Sprzedaży
Blisko morza | Inwestycyjnie | Parking,555000.0,Sopot,Górny Sopot, 2,34.62,3,4,1.0,,Wtórny,,Blok,,1970.0,Co Miejskie,11.03.2024,10.04.2024,morizon-MG602853,194,2,,,,,,,,,,,,,,,,,,,,,,,,Sprzedaży
Unikatowy apartament ok.150 m2 z tarasemSopot,5320000.0,Sopot,Dolny Sopot, 3,150.0,3,3,,,Wtórny,,Kamienica,CEGŁA,1906.0,C.O. GAZOWE,02.04.2024,02.04.2024,morizon-5598/1826/OMS,221,0,ODDZIELNA,2.0,,,WŁASNOŚĆ,,BARDZO WYSOKI STANDARD,,,340 cm,,,,,,,,,,,,,,Sprzedaży
Apartament w sercu Sopotupiękna kamienica,1980000.0,Sopot,Górny Sopot, 3,101.0,1,2,1.0,,Wtórny,,Kamienica,,1915.0,Gazowe,26.02.2024,17.04.2024,morizon-MG895351,150,2,,,,,,,,,,,,,,,,,,,,,,,,Sprzedaży
WYJĄTKOWA NIERUCHOMOŚĆ W SAMYM SERCU SOPOTU,1980000.0,Sopot,Górny Sopot, 4,101.3,1,3,,,Wtórny,,Kamienica,Cegła,1915.0,Gazowe,28.03.2024,15.04.2024,morizon-PAN743973,130,1,,,Tak,Nie,,,,,,,,,,,,,,,,,,,,Sprzedaży
Idealna inwestycja w Sopociekilka minut do plaży,635000.0,Sopot,Kamienny Potok, 2,37.0,3,3,,,Wtórny,Na wyłączność,Blok,Wielka płyta,1975.0,Co Miejskie,05.03.2024,17.04.2024,morizon-PAN423328,252,1,,,Tak,Nie,,,,,,,,,,,,,,,,,,,,Sprzedaży
Mieszkanie w Sopocie Dolnym - 2 min od morza,780000.0,Sopot,Dolny Sopot, 1,26.6,3,3,,,Wtórny,Na wyłączność,Kamienica,Cegła,1900.0,Elektryczne,17.02.2024,15.04.2024,morizon-PAN626926,278,1,,,Nie,Nie,,,,,,,,,,,,,,,,,,,,Sprzedaży
Mieszkanie z tarasem5 minut od morza,2299000.0,Sopot,Dolny Sopot, 3,57.1,1,3,1.0,2.0,Wtórny,Na wyłączność,Apartamentowiec,Konstrukcja żelbetowa,2018.0,Co Miejskie,12.02.2024,15.04.2024,morizon-324145126,453,1,,,,,,,,,30.01.2024,,,,,,,,,,,,,,,Sprzedaży
Mieszkanie w Sopocie Dolnym z widokiem na morze,930000.0,Sopot,Dolny Sopot, 2,58.65,3,3,,,Wtórny,Na wyłączność,Kamienica,Cegła,1920.0,Gazowe,05.09.2023,15.04.2024,morizon-PAN130893,1 173,1,,,Tak,Nie,,,,,,,,,,,,,,,,,,,,Sprzedaży
Sopocki apartament z pięknym ogrodem,2340372.0,Sopot,Górny Sopot, 4,114.4,3,3,1.0,3.0,Wtórny,,Apartamentowiec,Konstrukcja mieszana,2023.0,Co Miejskie,08.01.2024,15.04.2024,morizon-292722087,423,1,,,,,,,,,,,,,,,,,"107,54 m²",,,,,,,Sprzedaży
Jasny apartament na ostatnim piętrze w Sopocie,1100434.0,Sopot,Górny Sopot, 2,45.0,3,3,1.0,1.0,Wtórny,,Apartamentowiec,Konstrukcja mieszana,2023.0,Co Miejskie,16.01.2024,20.04.2024,morizon-185497849,408,1,,,,,,,,,,,,,,,,,"43,41 m²",,,,,,,Sprzedaży
Rodzinny apartament z tarasem 24m2,2366820.0,Sopot,Górny Sopot, 4,101.1,1,3,1.0,3.0,Wtórny,,Apartamentowiec,Konstrukcja mieszana,2023.0,Co Miejskie,12.12.2023,15.04.2024,morizon-204742748,318,1,,,,,,,,,,,,,,,,,"95,27 m²",,,,,,,Sprzedaży
Apartament w zaciszu sopockiego lasu,972047.0,Sopot,Górny Sopot, 2,49.4,3,3,1.0,1.0,Wtórny,,Apartamentowiec,Konstrukcja mieszana,2023.0,Co Miejskie,12.12.2023,15.04.2024,morizon-249553616,515,1,,,,,,,,,,,,,,,,,"46,94 m²",,,,,,,Sprzedaży
Trzypokojowy apartament z wygodnym tarasem,1445359.0,Sopot,Górny Sopot, 3,68.7,2,3,1.0,2.0,Wtórny,,Apartamentowiec,Konstrukcja mieszana,2023.0,Co Miejskie,12.12.2023,15.04.2024,morizon-471133471,362,1,,,,,,,,,,,,,,,,,"65,84 m²",,,,,,,Sprzedaży
Apartament | Taras 20m2 | Park Krajobrazowy,1597389.0,Sopot,Górny Sopot, 3,67.0,1,3,1.0,2.0,Wtórny,,Apartamentowiec,Konstrukcja mieszana,2023.0,Co Miejskie,12.12.2023,15.04.2024,morizon-184068156,449,1,,,,,,,,,,,,,,,,,"63,85 m²",,,,,,,Sprzedaży
3 słoneczne pokoje w Dolnym Sopocie Bliisko plaży,980000.0,Sopot,Dolny Sopot, 3,53.74,2,4,,2.0,Wtórny,Na wyłączność,Blok,Cegła,1977.0,Co Miejskie,30.06.2023,18.04.2024,morizon-PAN407848,1 824,1,,,Tak,Nie,,,,,,,,,,,,,,,,,,,,Sprzedaży
Apartament w zaciszu sopockiego lasu,1415173.0,Sopot,Górny Sopot, 2,55.9,3,3,1.0,1.0,Wtórny,,Apartamentowiec,Konstrukcja mieszana,2023.0,Co Miejskie,12.12.2023,15.04.2024,morizon-418860856,314,1,,,,,,,,,,,,,,,,,"53,65 m²",,,,,,,Sprzedaży
Mieszkanie w Sopocie 2 min od Molo. Winda,1890000.0,Sopot,Dolny Sopot, 3,101.76,3,4,,,Wtórny,Na wyłączność,Kamienica,Cegła,1910.0,Gazowe,09.01.2024,10.04.2024,morizon-PAN788290,340,1,,,Tak,Nie,,,,,,,,,,,,,,,,,,,,Sprzedaży
3 POKOJE BLISKO PLAŻY,1049000.0,Sopot,Wyścigi, 3,56.0,3,11,,,Wtórny,Na wyłączność,Blok,Wielka płyta,1977.0,Co Miejskie,04.01.2024,05.04.2024,morizon-PAN208935,450,1,,,Nie,Nie,,,,,,,,,,,,,,,,,,,,Sprzedaży
Nietuzinkowy apartament z kominkiem i sauną,2600000.0,Sopot,Dolny Sopot, 4,114.82,2,2,1.0,3.0,Wtórny,,Kamienica,Cegła,1910.0,Gazowe,27.01.2023,19.02.2024,morizon-806875785,2 368,1,,,Tak,,,,,,,,,,,,,,,,,,,,,Sprzedaży
Sopot Nowoczesna i Luksusowe Studio Premium,565000.0,Sopot,Brodwino, 1,33.0,2,11,1.0,1.0,Wtórny,Na wyłączność,Blok,Cegła,1975.0,Co Miejskie,23.01.2022,25.04.2023,morizon-PAN194902,3 751,1,,,Tak,,,,,,,,,,,,,,,,,,,,,Sprzedaży
Mieszkanie inwestycyjne SOPOT,610000.0,Sopot,Górny Sopot, 2,37.41,8,10,,,Wtórny,Na wyłączność,Blok,,1972.0,Co Miejskie,19.03.2024,19.03.2024,morizon-TY666784,199,0,,,Tak,,,,,,,,,,,,,,,,,,,,,Sprzedaży
Dwupokojowe mieszkanie z widokiem na las,653600.0,Sopot,Kamienny Potok, 2,34.4,9,10,1.0,,Wtórny,,Blok,Wielka płyta,1985.0,Co Miejskie,09.04.2024,09.04.2024,morizon-WH150752,108,0,,,Tak,,,,,,,,,,,,,,,,,,,,,Sprzedaży
Mieszkanie z dusząblisko plaży,1685000.0,Sopot,Dolny Sopot, 4,86.88,2,3,1.0,3.0,Wtórny,,Kamienica,Cegła,1904.0,Gazowe,05.04.2024,05.04.2024,morizon-EC189917,173,0,,,Tak,,,,,,,,,,,,,,,,,,,,,Sprzedaży
Apartament w centrum sopotu z 2 miejscami w hali g,1850000.0,Sopot,Dolny Sopot, 3,73.0,1,3,,,Wtórny,,,,2013.0,C.o. miejskie,21.04.2024,20.04.2024,morizon-ML01144,33,0,Półotwarta,,Tak,Nie,(Nieznany),Do zamieszkania,,,,,,,,,,,,,,,,,,Sprzedaży
Urokliwa kamienica z charakterem SOPOT DOLNY,1980000.0,Sopot,Dolny Sopot, 3,89.53,3,3,,,Wtórny,Na wyłączność,Kamienica,CEGŁA,1898.0,C.O. GAZOWE,15.04.2024,15.04.2024,morizon-16080/9376/OMS,50,0,ODDZIELNA,,,,WŁASNOŚĆ,,DO REMONTU,,,340 cm,,,,,,,,,,,,,,Sprzedaży
Świetna inwestycja blisko morza|Sopocka Rezydencja,1998000.0,Sopot,Karlikowo, 3,74.0,3,3,1.0,2.0,Wtórny,,Apartamentowiec,,2013.0,Co Miejskie,18.04.2024,17.04.2024,morizon-MG664805534,26,0,,,,Tak,,,,,,,,,,,,,,,,,,,,Sprzedaży
Apartament w świetnej lokalizacjiblisko plaży,3500000.0,Sopot,Dolny Sopot, 3,91.79,1,2,1.0,3.0,Wtórny,Na wyłączność,Kamienica,Cegła,1904.0,Gazowe,16.04.2024,16.04.2024,morizon-EC692435,43,0,,,,,,,,,,,,,,,,,,,,,,,,Sprzedaży
KAWALERKA SOPOTPO GENERALNYM REMONCIE,570000.0,Sopot,Górny Sopot, 1,30.0,6,10,,,Wtórny,,Wieżowiec,,1970.0,Co Własne,22.03.2024,22.03.2024,morizon-TY575479,147,0,,,,,,,,,,,,,,,,,,,,,,,,Sprzedaży
Niesamowity widok na morze! Do plaży 300m,950000.0,Sopot,Dolny Sopot, 2,42.2,8,11,,,Wtórny,Na wyłączność,Wieżowiec,,1977.0,Co Miejskie,12.04.2024,15.04.2024,morizon-DH529572,99,0,,,Nie,,,,,,,,,,,,,,,,,,,,,Sprzedaży
Uroczy apartament z ogródkiem,1042719.0,Sopot,Świemirowo, 2,45.2,3,3,,1.0,Pierwotny,,Apartamentowiec,,2024.0,,04.04.2024,11.04.2024,morizon-EC729169,42,0,,,Tak,,,,,,,,,,,,,,,,,,,,,Sprzedaży
Apartament z tarasem (13 m2),1138379.0,Sopot,Świemirowo, 2,49.2,2,3,,1.0,Pierwotny,,Apartamentowiec,,2024.0,,03.04.2024,03.04.2024,morizon-EC941933,44,0,,,Tak,,,,,,,,,,,,,,,,,,,,,Sprzedaży
Mieszkanie z pięknym widokiemGórny Sopot,1390000.0,Sopot,Górny Sopot, 3,57.0,2,2,1.0,,Wtórny,,Blok,Cegła,1962.0,Co Miejskie,06.04.2024,09.04.2024,morizon-WH547907,83,0,,,Tak,,,,,,,,,,,,,,,,,,,,,Sprzedaży
Przestronny apartament 2 pok. - Sopot,1421210.0,Sopot,Świemirowo, 2,55.9,3,3,,1.0,Pierwotny,,Apartamentowiec,,2024.0,,03.04.2024,03.04.2024,morizon-EC616287,22,0,,,Tak,,,,,,,,,,,,,,,,,,,,,Sprzedaży
125 m w super cenie,1749000.0,Sopot,Dolny Sopot, 4,125.0,4,4,,,Wtórny,,Kamienica,CEGŁA,1915.0,C.O. WŁASNE,17.04.2024,18.04.2024,morizon-3158/2060/OMS,26,0,ODDZIELNA,2.0,,,WŁASNOŚĆ,,WYSOKI STANDARD,,,330 cm,,,,,,,,,,,,,,Sprzedaży
Komfortowy apartament - widok na morze,2443214.0,Sopot,Świemirowo, 4,113.4,2,3,1.0,3.0,Pierwotny,,Apartamentowiec,,2023.0,Co Miejskie,03.04.2024,03.04.2024,morizon-EC573422,29,0,,,Tak,,,,,,,,,,,,,,,,,,,,,Sprzedaży
Komfortowy apartament przy lesie,2455180.0,Sopot,Świemirowo, 4,101.1,2,3,,3.0,Pierwotny,,Apartamentowiec,,2024.0,,03.04.2024,03.04.2024,morizon-EC968695,34,0,,,Tak,,,,,,,,,,,,,,,,,,,,,Sprzedaży
Komfortowy apartament - wygoda i styl,1445359.0,Sopot,Świemirowo, 3,68.7,2,3,,2.0,Pierwotny,,Apartamentowiec,,2024.0,,03.04.2024,11.04.2024,morizon-EC203763,41,0,,,,,,,,,,,,,,,,,,,,,,,,Sprzedaży
Unikatowy apartament ok.150 m2 z tarasemSopot,5320000.0,Sopot,Dolny Sopot, 3,150.0,3,3,,,Wtórny,,Kamienica,CEGŁA,1906.0,C.O. GAZOWE,02.04.2024,02.04.2024,morizon-5598/1826/OMS,221,0,ODDZIELNA,2.0,,,WŁASNOŚĆ,,BARDZO WYSOKI STANDARD,,,340 cm,,,,,,,,,,,,,,Sprzedaży
Apartament w przedwojennej kamienicy,2799000.0,Sopot,Dolny Sopot, 7,147.37,2,3,,,Wtórny,,Kamienica,CEGŁA,1904.0,C.O. GAZOWE,10.01.2024,17.04.2024,morizon-2107/14016/OMS,292,0,ODDZIELNA,2.0,Tak,,WŁASNOŚĆ,,DOBRY,,01.02.2024,320 cm,,,,,,,,,,,,,,Sprzedaży
Elegancki apartament w świetnej lokalizacji- Sopot,2600000.0,Sopot,Dolny Sopot, 4,165.0,4,4,,,Wtórny,,Kamienica,CEGŁA,1905.0,,04.04.2024,04.04.2024,morizon-110/14376/OMS,50,0,ODDZIELNA,,,,,,WYSOKI STANDARD,,,,,,,,,,,,,,,,,Sprzedaży
2 pok. mieszkanie z ogródkiem blisko lasu,755000.0,Sopot,Górny Sopot, 2,37.9,1,2,,1.0,Wtórny,Na wyłączność,Kamienica,,1940.0,Gazowe,03.04.2024,09.04.2024,morizon-DH294788,89,0,,,Nie,,,,,,31.03.2024,,,,,,,,,,,,,,,Sprzedaży
Mieszkanie przy Monte Cassino,990000.0,Sopot,Dolny Sopot, 2,57.59,1,3,,,Wtórny,,Kamienica,Cegła,1950.0,Co Miejskie,10.04.2024,22.04.2024,morizon-DH385420,102,0,,,Nie,Nie,,,,,,,,,,,,,,,,,,,,Sprzedaży
Świetna lokalizacjabardzo blisko morza i centrum,1499000.0,Sopot,Dolny Sopot, 2,52.6,1,4,,,Wtórny,,Kamienica,,2000.0,Co Miejskie,09.04.2024,17.04.2024,morizon-DH982799,83,0,,,Tak,,,,,,,,,,,,,,,,,,,,,Sprzedaży
KLIMATYCZNE MIESZKANIE SOPOT DOLNY,2200000.0,Sopot,Dolny Sopot, 4,89.0,3,3,,,Wtórny,Na wyłączność,,,1900.0,Pompy ciepła,17.04.2024,17.04.2024,morizon-LX014754,38,0,Brak,1.0,Tak,Nie,Własność,,,,,,,,,,,,,,,,,,,Sprzedaży
Unikalny apartament przy ścianie lasu,2500000.0,Sopot,Dolny Sopot, 3,55.9,1,3,1.0,,Wtórny,Na wyłączność,Apartamentowiec,,2007.0,Co Miejskie,14.04.2024,16.04.2024,morizon-380001,76,0,,,,,,,,,,,,,,,,,,,,,,,,Sprzedaży
3 pokojewidok na zieleńnowe instalacje,849000.0,Sopot,Przylesie, 3,46.2,5,10,,,Wtórny,,Wieżowiec,Inne,1970.0,Co Miejskie,19.04.2024,22.04.2024,morizon-PAN487605,19,0,,,Tak,Nie,,,,,,,,,,,,,,,,,,,,Sprzedaży
Mieszkanie przy plaży i sopockim molo,1125000.0,Sopot,Dolny Sopot, 1,38.09,1,4,,,Wtórny,Na wyłączność,Kamienica,,2000.0,Co Własne,18.01.2024,18.01.2024,morizon-PARK1752470,193,0,,,Tak,,,,,,,,,,,,,,,,,,,,,Sprzedaży
Apartament w pasie nadmorskiem,1560000.0,Sopot,Karlikowo, 2,68.1,1,3,,1.0,Wtórny,Na wyłączność,Apartamentowiec,Silikat,2005.0,Co Miejskie,14.04.2024,15.04.2024,morizon-EC579551,73,0,,,Tak,,,,,,,,,,,,,,,,,,,,,Sprzedaży
Do remontu-z ogródkiem-spokojna okolica,550000.0,Sopot,Kamienny Potok, 2,34.0,3,3,,1.0,Wtórny,,Kamienica,,1930.0,Gazowe,19.04.2024,19.04.2024,morizon-CP193627,42,0,,,,,,,,,,,,,,,,,,,,,,,,Sprzedaży
2 POKOJE || TARAS || 5 MIN DO PLAŻY,1248000.0,Sopot,Dolny Sopot, 2,48.3,2,4,,,Wtórny,Na wyłączność,Kamienica,CEGŁA,1899.0,C.O. ELEKTRYCZNE,26.03.2024,28.03.2024,morizon-9218/8976/OMS,104,0,ODDZIELNA,1.0,,,WŁASNOŚĆ,,DOBRY,,,294 cm,,,,,,,,,,,,,,Sprzedaży
Sopot- 2 pokoje spacerem do plaży,1380000.0,Sopot,Dolny Sopot, 2,52.5,3,3,1.0,1.0,Wtórny,,Apartamentowiec,Silikat,2010.0,Co Miejskie,08.04.2024,17.04.2024,morizon-WH417774,83,0,,,,Tak,,,,,01.04.2024,,,,,,,,"51,50 m²",,,,,,,Sprzedaży
Wyjątkowy apartament w Sopocie,1995000.0,Sopot,Górny Sopot, 3,69.5,2,3,,,Wtórny,,Apartamentowiec,,,Co Miejskie,03.04.2024,03.04.2024,morizon-984239,62,0,,,Tak,,,,,,,,,,,,,,,,,,,,,Sprzedaży
Inwestycyjne mieszkanie w Sopocie 200m od plaży,780000.0,Sopot,Dolny Sopot, 2,29.59,1,2,,,Wtórny,,Kamienica,Cegła,1904.0,Gazowe,04.04.2024,10.04.2024,morizon-AG468958,115,0,,,,,,,,,,,,,,,,,,,,,,,,Sprzedaży
Świetna inwestycja - mieszkanie na Monciaku,849000.0,Sopot,Dolny Sopot, 2,44.2,1,1,,,Wtórny,Na wyłączność,Kamienica,,,Gazowe,11.04.2024,11.04.2024,morizon-NN387787,71,0,,,,,,,,,,,,,,,,,,,,,,,,Sprzedaży
Sopot - Apartament z widokiem na morze,1821601.0,Sopot,Świemirowo, 3,69.2,3,3,1.0,2.0,Pierwotny,,Apartamentowiec,,2023.0,Co Miejskie,28.01.2024,14.02.2024,morizon-EC578719,154,0,,,Tak,,,,,,,,,,,,,,,,,,,,,Sprzedaży
MIeszkanie 2-pok | Kamienny Potok | Widok na las,559000.0,Sopot,Kamienny Potok, 2,35.0,6,10,,,Wtórny,,Wieżowiec,,1970.0,C.O. Z SIECI MIEJSKIEJ,15.04.2024,15.04.2024,morizon-25462/7649/OMS,58,0,ODDZIELNA,1.0,Tak,,SPÓŁDZIELCZE WŁASNOŚCIOWE,,WYSOKI STANDARD,,15.04.2024,,,,,,,,,,,,,,,Sprzedaży
Idealne pod inwestycjęmieszkanie dla pary-gotowe,799000.0,Sopot,Kamienny Potok, 2,48.5,3,3,,1.0,Wtórny,,Blok,,1980.0,Co Miejskie,16.04.2024,16.04.2024,morizon-CP898490,46,0,,,Tak,,,,,,,,,,,,,,,,,,,,,Sprzedaży
KAMIENICA Z WINDĄ,1090000.0,Sopot,Dolny Sopot, 3,56.83,1,4,,,Wtórny,,Kamienica,Cegła,1905.0,Elektryczne,12.04.2024,16.04.2024,morizon-PAN212048,97,0,,,Tak,Nie,,,,,,,,,,,,,,,,,,,,Sprzedaży
Polna Sopot apartament,2400000.0,Sopot,Dolny Sopot, 3,76.5,3,3,1.0,,Wtórny,Na wyłączność,Apartamentowiec,Cegła,2015.0,,09.04.2024,18.04.2024,morizon-152,165,0,Aneks,1.0,Tak,Tak,Własność,Bardzo dobry,Bardzo dobry,,,300 cm,Tak,,9 m²,,Tak,9 m²,,12 m²,,,,,,Sprzedaży
Apartament z werandą i parkingiemprzy plaży,2700000.0,Sopot,Dolny Sopot, 3,93.3,3,3,1.0,2.0,Wtórny,Na wyłączność,Kamienica,Cegła,1925.0,Gazowe,25.03.2024,30.03.2024,morizon-EC513205,221,0,,,Tak,,,,,,,,,,,,,,,,,,,,,Sprzedaży
Atrakcyjne 3 pokojowe mieszkanie SOPOT BRODWINO,651250.0,Sopot,Brodwino, 3,52.1,10,10,,2.0,Wtórny,Na wyłączność,Wieżowiec,,1976.0,Co Miejskie,26.03.2024,18.04.2024,morizon-TY406088,163,0,,,Tak,,,,,,,,,,,,,,,,,,,,,Sprzedaży
Mieszkanie 3-pokojowe w spokojnej okolicy Sopotu ,705000.0,Sopot,Kamienny Potok, 3,47.0,3,3,,2.0,Wtórny,Na wyłączność,Blok,,1966.0,Co Miejskie,22.03.2024,25.03.2024,morizon-DH381759,163,0,,,Nie,,,,,,18.03.2024,,,,,,,,,,,,,,,Sprzedaży
3 pokojowe mieszkanie na Brodwinie,795000.0,Sopot,Brodwino, 3,54.75,3,3,1.0,2.0,Wtórny,Na wyłączność,Wieżowiec,Wielka płyta,1980.0,Co Miejskie,19.03.2024,13.04.2024,morizon-WH274385,194,0,,,Tak,,,,,,,,,,,,,,"52,26 m²",,,,,,,Sprzedaży
3-pok. mieszkanie (56 mkw.) w dolnym Sopocie,899000.0,Sopot,Karlikowo, 3,56.0,2,12,1.0,2.0,Wtórny,Na wyłączność,Blok,Wielka płyta,1977.0,Co Miejskie,18.04.2024,18.04.2024,morizon-CP1252253,41,0,,,Tak,,,,,,16.04.2024,,,,,,,,,,,,,,,Sprzedaży
Sopot Górny 35m2 od ZARAZ,555000.0,Sopot,Górny Sopot, 2,34.62,3,4,,2.0,Wtórny,,Budynek wielorodzinny,Cegła i gazobeton,1966.0,,01.12.2023,29.12.2023,morizon-M4G-MS-157,752,0,,1.0,,,,,Do odnowienia,"PCV 3 szyby, ciepły montaż",,260 cm,Tak,,,,,,,,500.0,,,,,Sprzedaży
Apartament w Sopocie | Pas Nadmorski,1199000.0,Sopot,Dolny Sopot, 2,50.7,3,3,1.0,1.0,Wtórny,Na wyłączność,Apartamentowiec,,2007.0,Co Miejskie,09.04.2024,22.04.2024,morizon-ON447835,97,0,,,Tak,,,,,,,,,,,,,,,,,,,,,Sprzedaży
Lokal dla inwestora- Sopot świetna lokalizacja,1250000.0,Sopot,Dolny Sopot, 3,133.58,1,2,1.0,,Wtórny,Na wyłączność,Dom wielorodzinny,Cegła,2003.0,Gazowe,14.02.2024,14.03.2024,morizon-107876,242,0,,,,,,,,,07.11.2023,,,,,,,,133 m²,,,,,,,Sprzedaży
MIeszkanie 2-pok | Kamienny Potok | 5min do plaży,615000.0,Sopot,Kamienny Potok, 2,37.0,3,10,,,Wtórny,,Wieżowiec,,,C.O. Z SIECI MIEJSKIEJ,31.03.2024,31.03.2024,morizon-25416/7649/OMS,82,0,,,,,,,WYSOKI STANDARD,,31.03.2024,,,,,,,,,,,,,,,Sprzedaży
Mieszkanie 55m2 przy trójmiejskim parku krajobrazo,1080292.0,Sopot,Górny Sopot, 2,55.68,1,7,,,Wtórny,,,,2024.0,,20.04.2024,19.04.2024,morizon-ML01142,23,0,Półotwarta,1.0,Nie,Nie,Własność,Do wykończenia,,,,,,,"3,89 m²",,,,,,,"3,89 m²",,,,Sprzedaży
Sopotnowy apartament z ogrodem8 minut do plaży,1290000.0,Sopot,Dolny Sopot, 2,38.74,3,3,1.0,1.0,Wtórny,,,TRADYCYJNA,2023.0,C.O. Z SIECI MIEJSKIEJ,19.03.2024,22.04.2024,morizon-1062/CTN/MS-53203,129,0,ANEKS KUCHENNY,1.0,,Tak,PEŁNA WŁASNOŚĆ,WYSOKI STANDARD,WYSOKI STANDARD,DREWNIANE,,300 cm,Nie,,,,,,,,,,2-POKOJOWE,Tak,,Sprzedaży
Mieszkanie 72m2 z ogrodem przy trójmiejskim parku,1495540.0,Sopot,Górny Sopot, 3,71.92,3,3,,,Wtórny,,,,2024.0,C.o. miejskie,20.04.2024,19.04.2024,morizon-ML01143,29,0,Półotwarta,1.0,Nie,Tak,Własność,Do wykończenia,,,,,,,"9,44 m²",,,,,,,,,,,Sprzedaży
Wyjątkowe Mieszkanie z Dużym Ogródem w Kameralnym Budynku w Sopocie,2337500.0,Sopot,Górny Sopot, 5,106.25,3,3,1.0,,Pierwotny,,Apartamentowiec,Zróżnicowany,2024.0,,05.04.2024,05.04.2024,morizon-23,40,0,Aneks,3.0,Nie,Nie,Własność,Surowy zamknięty,Do wykończenia,,30.06.2024,,Tak,,,,,"4,29 m²",,,,,,,,Sprzedaży
Kawalerka w Sopocie do zamieszkania OD ZARAZ,410000.0,Sopot,Kamienny Potok, 1,18.88,3,3,,1.0,Wtórny,Na wyłączność,Blok,Wielka płyta,1976.0,Co Miejskie,21.04.2024,22.04.2024,morizon-PAN651066,24,0,,,Tak,Nie,,,,,22.04.2024,,,,,,,,,,,,,,,Sprzedaży
Unikatowy apartament ok.150 m2 z tarasemSopot,5320000.0,Sopot,Dolny Sopot, 3,150.0,3,3,,,Wtórny,,Kamienica,CEGŁA,1906.0,C.O. GAZOWE,02.04.2024,02.04.2024,morizon-5598/1826/OMS,221,0,ODDZIELNA,2.0,,,WŁASNOŚĆ,,BARDZO WYSOKI STANDARD,,,340 cm,,,,,,,,,,,,,,Sprzedaży
Mieszkanie z widokiem na las Doskonała lokalizacja,650000.0,Sopot,Górny Sopot, 3,46.16,10,10,,3.0,Wtórny,,,,,,20.03.2024,20.03.2024,morizon-EC111111470787,146,0,,,Tak,,,,,,,,,,,,,,,,,,,,,Sprzedaży
3 pokoje Sopot z ogromnym potencjałem 47m2,650000.0,Sopot,Dolny Sopot, 3,47.0,10,10,,3.0,Wtórny,,Budynek wielorodzinny,"Beton, ocieplony, płyta",1985.0,,03.11.2023,03.11.2023,morizon-M4G-MS-145,507,0,Jasna z oknem,1.0,Tak,Tak,,,Do remontu,"PCV, DREWNIANE STARY TYP",,265 cm,,,6 m²,,,,,,450.0,,,,,Sprzedaży
3 pokoje w pięknej kamienicy w Sopocie Górnym,999000.0,Sopot,Górny Sopot, 3,66.1,3,3,,,Wtórny,,Kamienica,,1887.0,,19.04.2024,20.04.2024,morizon-TH938438,36,0,,,,,,,,,,,,,,,,,,,,,,,,Sprzedaży
Mieszkanie 3-pokojowe z duszą | Sopot,1075000.0,Sopot,Górny Sopot, 3,68.42,3,3,,,Wtórny,,Kamienica,CEGŁA,,C.O. GAZOWE,26.03.2024,09.04.2024,morizon-340/9733/OMS,326,0,ANEKS KUCHENNY,1.0,,,WŁASNOŚĆ,,,,27.03.2024,,,,,,,,,,,,,,,Sprzedaży
Mieszkanie po remoncie w Górnym Sopocie,1490000.0,Sopot,Górny Sopot, 3,64.38,2,3,,,Wtórny,Na wyłączność,,Cegła,1950.0,C.o. miejskie,16.04.2024,18.04.2024,morizon-ZA016497,61,0,Osobna,1.0,Tak,Nie,Własność,Bardzo dobry,,,,,,,,,,,,,,,,,,Sprzedaży
Sopot Dolny 4-pokojowe mieszkanie z pięknym balkon,1500000.0,Sopot,Dolny Sopot, 4,81.12,1,3,,,Wtórny,,,,1910.0,Gazowe,10.04.2024,12.04.2024,morizon-KO07019,98,0,Osobna,1.0,Tak,Nie,Własność,Do remontu,,,,,Nie,,,,,,,,,,,,,Sprzedaży
Komfortowe 4 Pokoje Nowa Inwestycja 1 5 km od Molo,2290825.0,Sopot,Górny Sopot, 4,106.55,1,3,,3.0,Pierwotny,,Apartamentowiec,,2024.0,Co Miejskie,17.04.2024,17.04.2024,morizon-181414,26,0,,,Tak,,,,,,,,,,,,,,,,,,,,,Sprzedaży
Mieszkanie Sopot 2 pok blisko plaża i las - okazja - właściciel,559000.0,Sopot,Kamienny Potok, 2,35.0,6,10,,,Wtórny,,Blok,Wielka płyta,,,05.04.2024,06.04.2024,morizon-gratka-34192533,115,0,Osobna,,Tak,,,,,,01.06.2024,,Tak,,,,,,,,,,,,,Sprzedaży
3 pokoje z widokiem na Zatokę | Sopot,649000.0,Sopot,Przylesie, 3,46.5,9,10,1.0,3.0,Wtórny,Na wyłączność,Wieżowiec,Pustak,1972.0,Co Miejskie,26.03.2024,18.04.2024,morizon-ON955902,214,0,,,Tak,,,,,,,,,,,,,,,,,,,,,Sprzedaży
Idealny apartament z podziałem na 2 osobne lokale,1499000.0,Sopot,Górny Sopot, 4,70.12,3,3,,3.0,Wtórny,Na wyłączność,Kamienica,,1907.0,Gazowe,05.03.2024,15.04.2024,morizon-DH335317,223,0,,,,,,,,,,,,,,,,,,,,,,,,Sprzedaży
Unikatowy apartament ok.150 m2 z tarasemSopot,5320000.0,Sopot,Dolny Sopot, 3,150.0,3,3,,,Wtórny,,Kamienica,CEGŁA,1906.0,C.O. GAZOWE,02.04.2024,02.04.2024,morizon-5598/1826/OMS,221,0,ODDZIELNA,2.0,,,WŁASNOŚĆ,,BARDZO WYSOKI STANDARD,,,340 cm,,,,,,,,,,,,,,Sprzedaży
3 pokoje w świetnej lokalizacji,709000.0,Sopot,Kamienny Potok, 3,53.0,2,10,,,Wtórny,,Wieżowiec,,1980.0,Co Miejskie,16.11.2023,01.12.2023,morizon-PH588889,450,0,,,Tak,,,,,,,,,,,,,,,,,,,,,Sprzedaży
Mieszkanie inwestycyjne Sopot Smolna,734000.0,Sopot,Świemirowo, 2,70.44,2,3,,,Wtórny,,Dom wielorodzinny,Zróżnicowany,1990.0,,11.04.2024,11.04.2024,morizon-7,110,0,Osobna,1.0,Nie,Nie,Własność,Inna,Do remontu,,30.04.2024,,Tak,,,,Tak,,,,,,,,,Sprzedaży
Widokowe mieszkanie w Sopocie,799000.0,Sopot,Kamienny Potok, 2,50.6,8,10,,,Wtórny,Na wyłączność,Blok,,1984.0,Co Miejskie,09.04.2024,09.04.2024,morizon-PH951646,68,0,,,Tak,,,,,,,,,,,,,,,,,,,,,Sprzedaży
Sopot3 pokoje blisko SKM,1390000.0,Sopot,Dolny Sopot, 3,94.54,2,2,1.0,2.0,Wtórny,,Kamienica,Cegła,1910.0,Gazowe,20.03.2024,11.04.2024,morizon-DH919869,171,0,,,Nie,,,,,,,,,,,,,,,,,,,,,Sprzedaży
Apartament 106m2 | 5 pokoi | Sopot | Nowy,2284375.0,Sopot,Górny Sopot, 5,106.25,2,3,,,Pierwotny,,Apartamentowiec,,2024.0,C.O. Z SIECI MIEJSKIEJ,03.04.2024,03.04.2024,morizon-25429/7649/OMS,56,0,ANEKS KUCHENNY,1.0,,,,,DO WYKOŃCZENIA,,03.04.2024,,,,,,,,,,,,,,,Sprzedaży
Ustawneduże2 pokojowe na sprzedaż - Sopot Kami,780000.0,Sopot,Kamienny Potok, 2,49.0,3,3,,,Wtórny,Na wyłączność,,,1983.0,C.o. miejskie,27.02.2024,20.04.2024,morizon-ET033041,480,0,Osobna,1.0,Nie,Nie,Własność,Do zamieszkania,,,,,,,,,,,,,,,,,,Sprzedaży
Sopot Dolny w dobrej cenie,1760000.0,Sopot,Dolny Sopot, 5,98.0,3,3,,,Wtórny,Na wyłączność,Historyczny/zabytkowy,Cegła,1895.0,Co Miejskie,27.02.2024,21.04.2024,morizon-DH349954,292,0,,,,,,,,,26.03.2024,,,,,,,,,,,,,,,Sprzedaży
Sopocki unikat przy plaży z windą,2700000.0,Sopot,Dolny Sopot, 3,82.03,2,3,2.0,2.0,Wtórny,Na wyłączność,Apartamentowiec,,2004.0,,13.03.2024,22.04.2024,morizon-962118,129,0,,,,,,,,,,,,,,,,,,,,,,,,Sprzedaży
Dolny Sopot | Wyposażenie w cenie I,749000.0,Sopot,Dolny Sopot, 3,46.8,1,2,,3.0,Wtórny,Na wyłączność,Kamienica,Cegła,1930.0,Gazowe,07.03.2024,19.04.2024,morizon-TY949484,180,0,,,,,,,,,31.03.2024,,,,,,,,,,,,,,,Sprzedaży
Wysoki standard po remoncie 3 pokoje 120m Sopot,1540000.0,Sopot,Wyścigi, 3,120.0,2,2,,,Wtórny,Na wyłączność,,,2002.0,,10.04.2024,12.04.2024,morizon-HEX162848,79,0,,,,,,,,,,,,,,,,,"89,77 m²",,,,,,,Sprzedaży
Apartament w Sopocie – niecałe 280 metrów od morza,2800000.0,Sopot,Dolny Sopot, 4,105.36,1,3,,,Wtórny,Na wyłączność,,,2024.0,C.o. miejskie,12.04.2024,12.04.2024,morizon-NY018309,48,0,Półotwarta,2.0,Tak,Nie,(Nieznany),Deweloperski,,,,,Nie,,,,,,,,,,,,,Sprzedaży
Mieszkanie do remontu w spokojnej dzielnicy Sopotu,519000.0,Sopot,Kamienny Potok, 2,41.91,9,10,,,Wtórny,,,,1976.0,C.o. miejskie,01.03.2024,16.04.2024,morizon-OR016285,398,0,Osobna,1.0,Tak,Nie,Spółdzielcze własnościowe z KW,Do remontu,,,,,,,"2,50 m²",,,,,,,,,,,Sprzedaży
Mieszkanie 2-pok | Wysoki standard | Sopot,680000.0,Sopot,Górny Sopot, 2,39.0,5,10,,,Wtórny,,Wieżowiec,,,Co Miejskie,18.03.2024,20.04.2024,morizon-AG800085,110,0,,,Tak,,,,,,01.02.2024,,,,,,,,,,,,,,,Sprzedaży
Mieszkanie w Sopocieblisko plaży,975000.0,Sopot,Karlikowo, 2,53.1,2,2,,,Wtórny,,,,1920.0,,29.01.2024,24.03.2024,morizon-Aa537026,76,0,,,Tak,,,,,,15.09.2023,,,,,,,,"42,34 m²",,,,,,,Sprzedaży
Sopot - Apartament z ogródkiem,1015099.0,Sopot,Świemirowo, 2,51.9,3,3,1.0,1.0,Pierwotny,,Apartamentowiec,,2023.0,Co Miejskie,28.01.2024,03.04.2024,morizon-EC982740,209,0,,,,,,,,,,,,,,,,,,,,,,,,Sprzedaży
Trzypokojowe mieszkanie w Sopocie ul. Sobieskiego,1177000.0,Sopot,Dolny Sopot, 3,75.0,3,3,,3.0,Wtórny,Na wyłączność,Kamienica,Cegła,1910.0,Gazowe,01.02.2024,06.04.2024,morizon-DH619788,251,0,,,,,,,,,,,,,,,,,"74,56 m²",,,,,,,Sprzedaży
Sopot - Apartament z dwoma balkonami,1979162.0,Sopot,Świemirowo, 3,88.0,2,3,1.0,2.0,Pierwotny,,Apartamentowiec,,2023.0,Co Miejskie,28.01.2024,03.04.2024,morizon-EC828022,191,0,,,Tak,,,,,,,,,,,,,,,,,,,,,Sprzedaży
Kawalerka w Sopocie z widokiem,570000.0,Sopot,Górny Sopot, 1,30.0,6,10,,,Wtórny,,Blok,,1988.0,Co Własne,18.04.2024,18.04.2024,morizon-DH923735,50,0,,,Nie,,,,,,,,,,,,,,,,,,,,,Sprzedaży
Parter2-pokojeblisko lasucisza i spokój,599000.0,Sopot,Przylesie, 2,37.96,3,3,,,Wtórny,Na wyłączność,,,1969.0,C.o. miejskie,17.04.2024,16.04.2024,morizon-KJ04302,64,0,Osobna,1.0,Tak,Nie,(Nieznany),Częściowo po remoncie,,,,,,,,,,,,,,,,,,Sprzedaży
Lokal/mieszkanie/biuro- pewna inwestycja w Centrum,649000.0,Sopot,Górny Sopot, 3,50.0,3,3,,2.0,Wtórny,,Kamienica,,1950.0,Gazowe,02.02.2024,15.04.2024,morizon-CP191069,459,0,,,,,,,,,,,,,,,,,,,,,,,,Sprzedaży
Sopot Górnyapartament 2 pokoje -SPA,1015099.0,Sopot,Górny Sopot, 2,51.9,3,3,,1.0,Wtórny,,Blok,,2024.0,,28.02.2024,06.03.2024,morizon-DH610332,112,0,,,,Tak,,,,,,,,,,,,,"49,51 m²",,,,,,,Sprzedaży
Dwupak Inwestycyjny Blisko Plaży,1999000.0,Sopot,Dolny Sopot, 3,74.0,3,3,,,Wtórny,Na wyłączność,Apartamentowiec,,2013.0,Co Miejskie,17.04.2024,17.04.2024,morizon-PH908149,36,0,,,,Tak,,,,,,,,,,,,,,,,,,,,Sprzedaży
Przytulne 2 pokoje w cichym miejscu w Sopocie ,599000.0,Sopot,Górny Sopot, 2,38.78,1,4,,,Wtórny,Na wyłączność,Blok,Cegła,1960.0,Co Miejskie,06.02.2024,17.04.2024,morizon-PAN974319,382,0,,,Nie,Nie,,,,,01.11.2023,,,,,,,,,,,,,,,Sprzedaży
Lipowa 10,1255800.0,Sopot,Dolny Sopot, 3,69.0,2,2,1.0,,Wtórny,Na wyłączność,Dom wielorodzinny,Cegła,,,05.03.2024,14.04.2024,morizon-5,368,0,Osobna,1.0,Tak,Nie,Własność,Dobry,Do remontu,,,320 cm,Tak,,,,,,,,,,,,,Sprzedaży
Unikatowy apartament ok.150 m2 z tarasemSopot,5320000.0,Sopot,Dolny Sopot, 3,150.0,3,3,,,Wtórny,,Kamienica,CEGŁA,1906.0,C.O. GAZOWE,02.04.2024,02.04.2024,morizon-5598/1826/OMS,221,0,ODDZIELNA,2.0,,,WŁASNOŚĆ,,BARDZO WYSOKI STANDARD,,,340 cm,,,,,,,,,,,,,,Sprzedaży
Eleganckie 2 pokoje Aquarius Sopot,1499000.0,Sopot,Górny Sopot, 2,47.0,3,3,1.0,,Wtórny,Na wyłączność,Apartamentowiec,Cegła,2009.0,Co Miejskie,11.03.2024,11.03.2024,morizon-WH335610,171,0,,,Tak,Tak,,,,,,,,,,,,,,,,,,,,Sprzedaży
Apartamenty w Sopocie z widokiem na morze,9725700.0,Sopot,Dolny Sopot, 6,200.0,3,3,1.0,,Wtórny,Na wyłączność,Apartamentowiec,Cegła,2013.0,Co Miejskie,23.01.2024,05.04.2024,morizon-WH420674,485,0,,,,Tak,,,,,,,,,,,,,,,,,,,,Sprzedaży
Mieszkanie Sopot 200m od Monciaka inwestycja najem,999999.0,Sopot,Górny Sopot, 2,63.48,3,3,,1.0,Wtórny,Na wyłączność,Blok,Cegła,1960.0,Gazowe,01.02.2024,20.04.2024,morizon-665854,313,0,,,,,,,,,01.01.2025,,,,,,,,,,,,,,,Sprzedaży
Sopot Górnyapartament 2 pok /SPA,1043777.0,Sopot,Górny Sopot, 2,51.6,3,3,,1.0,Pierwotny,,Blok,,2024.0,,28.02.2024,28.02.2024,morizon-DH370306,103,0,,,,Tak,,,,,21.02.2024,,,,,,,,"49,20 m²",,,,,,,Sprzedaży
3 pokoje w Świetnej lokalizacji,1450000.0,Sopot,Dolny Sopot, 3,75.3,3,3,2.0,2.0,Wtórny,Na wyłączność,,,1914.0,,25.03.2024,12.04.2024,morizon-HEX756961,166,0,,,,,,,,,25.03.2024,,,,,,,,"59,30 m²",,,,,,,Sprzedaży
Sopot Górnyapartament 4 pok /SPA,2113769.0,Sopot,Górny Sopot, 4,96.2,1,3,,3.0,Wtórny,,Blok,,2024.0,,28.02.2024,28.02.2024,morizon-DH998302,130,0,,,Tak,Tak,,,,,22.02.2024,,,,,,,,"91,03 m²",,,,,,,Sprzedaży
luksusowy apartament z widokiem na morzeSopot,4253600.0,Sopot,Dolny Sopot, 3,87.0,3,3,1.0,,Wtórny,Na wyłączność,Apartamentowiec,Silikat,2013.0,Co Miejskie,23.01.2024,16.04.2024,morizon-WH996127,263,0,,,,Tak,,,,,,,,,,,,,,,,,,,,Sprzedaży
luksusowy apartament z widokiem na morzeSopot,5472100.0,Sopot,Dolny Sopot, 3,113.0,3,3,1.0,,Wtórny,Na wyłączność,Apartamentowiec,Cegła,2013.0,Co Miejskie,23.01.2024,16.04.2024,morizon-WH725931809,298,0,,,,Tak,,,,,,,,,,,,,,,,,,,,Sprzedaży
POD LASEM | 10 MIN DO SKM | 20 MIN DO MORZA,460000.0,Sopot,Górny Sopot, 1,31.0,1,3,,,Wtórny,Na wyłączność,Dom,,1980.0,C.O. ELEKTRYCZNE,29.02.2024,16.04.2024,morizon-9010/8976/OMS,494,0,ANEKS KUCHENNY,,,,WŁASNOŚĆ,,WYSOKI STANDARD,,,,,,,,,,,,,,,,,Sprzedaży
Przytulne mieszkanie właśnie dla Ciebie! Sopot,599000.0,Sopot,Kamienny Potok, 2,38.0,2,10,,1.0,Wtórny,Na wyłączność,Blok,,1980.0,Co Miejskie,23.01.2024,20.04.2024,morizon-DH616280,359,0,,,Tak,,,,,,24.01.2024,,,,,,,,,,,,,,,Sprzedaży
Sopot Górny Dwupoziomowy penthouse,2985000.0,Sopot,Górny Sopot, 4,164.7,1,2,,2.0,Wtórny,,Blok,,2000.0,Gazowe,09.01.2024,11.04.2024,morizon-DH940631,201,0,,,Tak,,,,,,,,,,,,,,"124,60 m²",,,,,,,Sprzedaży
7 POKOI NA KRÓTKITERMIN | WYSOKA STOPA ZWROTU,3100000.0,Sopot,Dolny Sopot, 8,197.38,3,3,,,Wtórny,,Kamienica,Cegła,1952.0,Co Miejskie,01.02.2024,11.04.2024,morizon-PAN936739,319,0,,,Nie,Nie,,,,,,,,,,,,,,,,,,,,Sprzedaży
Dobrze prosperujący hostel w sercu kurortu,3100000.0,Sopot,Dolny Sopot, 8,197.38,3,3,,8.0,Wtórny,Na wyłączność,Kamienica,Cegła,1970.0,Co Miejskie,18.01.2024,18.04.2024,morizon-EC160636,137,0,,,,,,,,,,,,,,,,,,,,,,,,Sprzedaży
Apartament z widokiem na morzetuż przy plaży,5082000.0,Sopot,Dolny Sopot, 3,92.4,3,3,1.0,2.0,Wtórny,,,,1905.0,,17.02.2024,21.04.2024,morizon-EC967262,513,0,,,Tak,,,,,,,,,,,,,,,,,,,,,Sprzedaży
Perełka w Dolnym Sopocie z widokiem na Grand Hotel,2100000.0,Sopot,Dolny Sopot, 3,74.57,2,3,1.0,,Wtórny,Na wyłączność,,,1904.0,,04.03.2024,19.04.2024,morizon-HEX246678,140,0,,,,,,,,,,,,,,,,,,,,,,,,Sprzedaży
4 pokojenowastylowa iwestycja,2377438.0,Sopot,Górny Sopot, 4,114.4,3,3,,,Pierwotny,,Apartamentowiec,,2023.0,Co Miejskie,20.02.2024,28.02.2024,morizon-DH825430,111,0,,,,,,,,,01.11.2023,,,,,,,,"107,54 m²",,,,,,,Sprzedaży
Sopot Górny słoneczne dwa pokoje 38 m²,599000.0,Sopot,Świemirowo, 2,38.0,4,10,,,Wtórny,,Wieżowiec,WIELKA PŁYTA,,C.O. Z SIECI MIEJSKIEJ,25.02.2024,24.03.2024,morizon-19/14365/OMS,372,0,,,,,,,DOBRY,,26.02.2024,,,,,,,,,,,,,,,Sprzedaży
Wysoki standard-Sopot-blisko morza,690000.0,Sopot,Górny Sopot, 2,39.0,5,10,,2.0,Wtórny,,Blok,,1970.0,Co Miejskie,11.03.2024,11.03.2024,morizon-CP813678,157,0,,,Tak,,,,,,,,,,,,,,,,,,,,,Sprzedaży
350 metrów od plaży,2990000.0,Sopot,Dolny Sopot, 4,105.36,1,3,1.0,,Wtórny,Na wyłączność,Apartamentowiec,Konstrukcja mieszana,2023.0,Co Miejskie,22.03.2024,22.03.2024,morizon-WH544119,103,0,,,,,,,,,,,,,,,,,,,,,,,,Sprzedaży
350 metrów od plaży,2990000.0,Sopot,Dolny Sopot, 4,105.36,3,3,1.0,,Wtórny,Na wyłączność,Apartamentowiec,Konstrukcja mieszana,2023.0,Co Miejskie,22.03.2024,22.03.2024,morizon-WH510679,74,0,,,,,,,,,,,,,,,,,,,,,,,,Sprzedaży
Mieszkanie spółdzielcze własnościowe 35 4 m2Sopot Przylesie ,510000.0,Sopot,Przylesie, 2,35.4,1,10,,,Wtórny,,Blok,Wielka płyta,1979.0,,10.04.2024,16.04.2024,morizon-gratka-34244155,104,0,Osobna,,Tak,,Spoldzielcze-wlasnosciowe,,,,,,Tak,,,,,,,,,,,,,Sprzedaży
Spółdzielczo-własnościowe z widokiem na morze,620000.0,Sopot,Górny Sopot, 2,37.7,8,9,,,Wtórny,Na wyłączność,Blok,Wielka płyta,1970.0,Ogrzewanie miejskie,15.02.2024,24.03.2024,morizon-CABA177,252,0,Aneks kuchenny,,Tak,,Spółdzielcza własnościowa z KW,,Do odnowienia,,,,,,,,,,,,,,,,,Sprzedaży
3 Pokoje Blisko Plaży i Monciaka w Sopocie,649000.0,Sopot,Górny Sopot, 3,50.0,3,3,,,Wtórny,,Kamienica,CEGŁA,1950.0,C.O. GAZOWE,21.03.2024,22.04.2024,morizon-1873/13290/OMS,325,0,ODDZIELNA,1.0,,,WŁASNOŚĆ,,,,,,,,,,,,,,,,,,,Sprzedaży
2 pokoje z ogródkiemcisza pod lasem w Sopocie,1042719.0,Sopot,Górny Sopot, 2,45.2,3,3,,,Pierwotny,,Apartamentowiec,,2023.0,Co Miejskie,01.12.2023,29.03.2024,morizon-DH262528,185,0,,,,Tak,,,,,01.12.2023,,,,,,,,"43,26 m²",,,,,,,Sprzedaży
3 pokoje z ogródkiemcisza pod lasem w Sopocie,1739563.0,Sopot,Górny Sopot, 3,69.9,3,3,,2.0,Pierwotny,,Apartamentowiec,,2023.0,Co Miejskie,01.12.2023,29.03.2024,morizon-DH354831,122,0,,,,Tak,,,,,01.12.2023,,,,,,,,"66,30 m²",,,,,,,Sprzedaży
Słoneczne 100-metrowe mieszkanieblisko plaży,1975000.0,Sopot,Dolny Sopot, 4,100.0,2,3,,3.0,Wtórny,Na wyłączność,Kamienica,,1903.0,Gazowe,13.02.2024,26.03.2024,morizon-EC196789,393,0,,,,,,,,,,,,,,,,,,,,,,,,Sprzedaży
3 lub 4 sypialnie parter,1090000.0,Sopot,Górny Sopot, 2,60.69,3,3,,,Wtórny,,Blok,,1960.0,C.O. GAZOWE,07.03.2024,25.03.2024,morizon-2786/9862/OMS,255,0,ODDZIELNA,1.0,,,WŁASNOŚĆ,,WYSOKI STANDARD,,,,,,,,,,,,,,,,,Sprzedaży
3 albo 4 POKOJE w centrum SOPOTU,1199000.0,Sopot,Dolny Sopot, 3,64.17,3,4,,,Wtórny,Na wyłączność,,,1960.0,,14.01.2024,17.04.2024,morizon-OE576750,313,0,,,Tak,,,,,,,,,,,,,,,,,,,,,Sprzedaży
Mieszkanie - Sopot Kamienny Potok,1250000.0,Sopot,Kamienny Potok, 3,46.7,7,10,,,Wtórny,Na wyłączność,,,1983.0,C.o. miejskie,12.03.2024,11.03.2024,morizon-ZA016465,192,0,Półotwarta,1.0,Tak,Nie,Własność,Bardzo dobry,,,,,,,,,,,,,,,,,,Sprzedaży
Okazja inwestycyjna w sercu Sopotu-pakiet mieszkań,1275000.0,Sopot,Dolny Sopot, 5,99.3,3,3,,4.0,Wtórny,Na wyłączność,Kamienica,,1905.0,,20.02.2024,14.03.2024,morizon-DH297072,206,0,,,,,,,,,,,,,,,,,,,,,,,,Sprzedaży
Apartament od zaraz w Sopocie Dolnym,1470000.0,Sopot,Dolny Sopot, 2,48.7,3,4,,1.0,Wtórny,,,,,,06.02.2024,22.04.2024,morizon-EC511032,292,0,,,Tak,,,,,,,,,,,,,,,,,,,,,Sprzedaży
Słoneczne mieszkanie z balkonemblisko plaży,1890000.0,Sopot,Dolny Sopot, 3,101.76,3,4,1.0,2.0,Wtórny,Na wyłączność,Kamienica,,1910.0,Gazowe,22.05.2023,12.04.2024,morizon-EC689144,755,0,,,Tak,,,,,,,,,,,,,,,,,,,,,Sprzedaży
Apartament w centrum Sopotu,1980000.0,Sopot,Górny Sopot, 3,101.0,1,3,1.0,2.0,Wtórny,Na wyłączność,Kamienica,Cegła,1915.0,Gazowe,17.02.2023,05.04.2024,morizon-EC307990,1 765,0,,,,,,,,,,,,,,,,,,,,,,,,Sprzedaży
Słonecznedwupiętrowe mieszkanie z 2 balkonami,2200000.0,Sopot,Wyścigi, 3,77.08,2,4,,2.0,Wtórny,Na wyłączność,Apartamentowiec,,1998.0,Co Miejskie,15.02.2024,15.02.2024,morizon-DH632687,176,0,,,Tak,,,,,,,,,,,,,,,,,,,,,Sprzedaży
Pięknestylowe mieszkanie w centrum Sopotu,2790000.0,Sopot,Dolny Sopot, 2,112.0,3,3,1.0,1.0,Wtórny,,Kamienica,Cegła,1903.0,Gazowe,31.01.2024,07.03.2024,morizon-DH867184,143,0,,,Tak,,,,,,,,,,,,,,,,,,,,,Sprzedaży
Unikatowy apartament ok.150 m2 z tarasemSopot,5320000.0,Sopot,Dolny Sopot, 3,150.0,3,3,,,Wtórny,,Kamienica,CEGŁA,1906.0,C.O. GAZOWE,02.04.2024,02.04.2024,morizon-5598/1826/OMS,221,0,ODDZIELNA,2.0,,,WŁASNOŚĆ,,BARDZO WYSOKI STANDARD,,,340 cm,,,,,,,,,,,,,,Sprzedaży
Prestiżowe miejscemożliwość dokupienia garażu,3102000.0,Sopot,Dolny Sopot, 4,141.0,3,3,1.0,3.0,Wtórny,Na wyłączność,Kamienica,Cegła,1906.0,Gazowe,10.02.2024,01.03.2024,morizon-EC350946,502,0,,,,,,,,,,,,,,,,,,,,,,,,Sprzedaży
Połowa domu w Sopocie Górnym,3190000.0,Sopot,Górny Sopot, 6,222.64,1,2,1.0,4.0,Wtórny,Na wyłączność,Bliźniak,Cegła,1925.0,Gazowe,20.01.2023,18.04.2024,morizon-WH593550,1 248,0,,,,,,,,,,,,,,,,,250 m²,,,,,,,Sprzedaży
Luksusowy apartament w centrum Sopotu,3200000.0,Sopot,Górny Sopot, 3,150.0,2,3,,2.0,Wtórny,,Kamienica,Cegła,1922.0,Gazowe,15.07.2022,05.04.2024,morizon-EC157496,2 469,0,,,,,,,,,,,,,,,,,,,,,,,,Sprzedaży
Wspaniała Inwestycja w Górnym Sopocie,680000.0,Sopot,Górny Sopot, 2,39.0,5,10,,1.0,Wtórny,,,,1970.0,,01.02.2024,16.04.2024,morizon-996784,331,0,,,Tak,,,,,,,,,,,,,,,,,,,,,Sprzedaży
Świetne mieszkanie z dużym tarasemblisko plaży,1495000.0,Sopot,Dolny Sopot, 2,47.83,3,3,,1.0,Wtórny,Na wyłączność,Kamienica,Cegła,1910.0,Gazowe,11.01.2024,15.04.2024,morizon-EC124661,259,0,,,,Tak,,,,,,,,,,,,,,,,,,,,Sprzedaży
Po generalnym remonciez okien widoki na zieleńmiejsce parkingowekameralnie,699300.0,Sopot,Kamienny Potok, 2,37.0,2,4,1.0,,Wtórny,Na wyłączność,Blok,Cegła,1960.0,Miejskie,16.04.2024,20.04.2024,morizon-SE02033,44,0,Osobna,1.0,Nie,Nie,Własność,Dobry,Wysoki standard,,,260 cm,Tak,,,,,,,,,,,,,Sprzedaży
Mieszkanie w Sopocieblisko plaży,975000.0,Sopot,Karlikowo, 2,53.1,2,2,,,Wtórny,,,,1920.0,,28.09.2023,11.04.2024,morizon-311957,372,0,,,Tak,,,,,,15.09.2023,,,,,,,,"42,34 m²",,,,,,,Sprzedaży
Dwupokojowejasne mieszkanie z werandą,1780350.0,Sopot,Dolny Sopot, 2,53.95,2,2,,1.0,Wtórny,Na wyłączność,,,1945.0,,28.01.2024,21.04.2024,morizon-EC928625,322,0,,,,,,,,,,,,,,,,,,,,,,,,Sprzedaży
Mieszkanie - Sopot Dolny,1850000.0,Sopot,Dolny Sopot, 3,87.6,1,3,,,Wtórny,,,,1900.0,Gazowe,27.03.2024,04.04.2024,morizon-CN0767,117,0,Osobna,2.0,Tak,Nie,Własność,Do remontu,,,,,,,,,,,,,,,,,,Sprzedaży
Luksusowy 4 pokojowy apartament w Dolnym Sopocie,2600000.0,Sopot,Dolny Sopot, 4,114.82,2,2,2.0,3.0,Wtórny,,Kamienica,Cegła,1903.0,Gazowe,04.03.2023,06.03.2024,morizon-854864904,492,0,,,Tak,,,,,,,,,,,,,,,,,,,,,Sprzedaży
Mieszkanie inwestycyjne! Blisko morza! 3 pokoje,1083000.0,Sopot,Karlikowo, 3,57.0,3,3,,,Wtórny,Na wyłączność,Blok,,1994.0,Co Miejskie,19.05.2023,29.02.2024,morizon-TY843160,964,0,,,Tak,,,,,,,,,,,,,,,,,,,,,Sprzedaży
Opis nieruchomości,1249000.0,Gdańsk,"Morena, ", 4,75.73,3,3,,3.0,Wtórny,,Blok,,2021.0,Co Miejskie,27.11.2023,20.03.2024,morizon-PH468751,357,0,,,,,,,,,,,,,,,,,,,,,,,,Sprzedaży
wysokie sufityklimatyczne mieszkanie,1350000.0,Sopot,Dolny Sopot, 3,85.8,2,3,,,Wtórny,,Kamienica,Cegła,1900.0,Elektryczne,13.03.2024,19.03.2024,morizon-PAN360151,101,0,,,Tak,Nie,,,,,,,,,,,,,,,,,,,,Sprzedaży
Centrum Sopotu 3 min molo ! Super Cena,1959000.0,Sopot,Dolny Sopot, 4,90.0,3,3,,3.0,Wtórny,,Kamienica,,,Gazowe,04.01.2024,04.04.2024,morizon-752151,216,0,,,,,,,,,,,,,,,,,105 m²,,,,,,,Sprzedaży
Kup mieszkanie w Dolnym Sopocieblisko morza,2241000.0,Sopot,Dolny Sopot, 4,90.0,1,2,,,Wtórny,Na wyłączność,Kamienica,,1930.0,,28.09.2023,19.04.2024,morizon-DH227235,250,0,,,,,,,,,,,,,,,,,,,,,,,,Sprzedaży
Loftowy Apartament z balkonem,2790000.0,Sopot,Dolny Sopot, 2,112.0,3,3,1.0,1.0,Wtórny,,,,1903.0,,04.10.2023,12.04.2024,morizon-EC249727,232,0,,,Tak,,,,,,05.10.2023,,,,,,,,,,,,,,,Sprzedaży
Kawalerka z widokiem na morze,399000.0,Sopot,Kamienny Potok, 1,25.2,4,10,,1.0,Wtórny,Na wyłączność,Wieżowiec,Wielka płyta,1970.0,Co Miejskie,20.02.2024,22.04.2024,morizon-Sienkiewicza 2,305,0,,,,,,,,,01.06.2024,,,,,,,,,,,,,,,Sprzedaży
Mieszkanie 2-pok w otulinie lasu,599000.0,Sopot,Przylesie, 2,35.4,1,10,,,Wtórny,,Wieżowiec,,1970.0,Co Miejskie,22.01.2024,27.03.2024,morizon-AG583584915,331,0,,,Tak,,,,,,,,,,,,,,,,,,,,,Sprzedaży
Blisko Uniwersytetu Gda5 minut od Monte Cassino,849900.0,Sopot,Górny Sopot, 2,48.5,1,10,,1.0,Wtórny,,Blok,,1970.0,Co Miejskie,15.03.2024,22.04.2024,morizon-858319411,184,0,,,Tak,,,,,,18.12.2023,,,,,,,,,,,,,,,Sprzedaży
Słoneczne mieszkanie w klimatycznej kamienicy,999000.0,Sopot,Górny Sopot, 3,66.1,3,3,1.0,,Wtórny,,Kamienica,Cegła,1890.0,Elektryczne,18.04.2024,21.04.2024,morizon-PH316000,35,0,,,,,,,,,18.04.2024,,,,,,,,,,,,,,,Sprzedaży
Sopot - Apartament z ogródkiem,1142548.0,Sopot,Świemirowo, 2,48.4,3,3,1.0,1.0,Pierwotny,,Apartamentowiec,,2023.0,Co Miejskie,28.01.2024,14.02.2024,morizon-EC832107,206,0,,,,,,,,,,,,,,,,,,,,,,,,Sprzedaży
Wyjątkowy apartament 4 pokojowy w Sopocie,1678000.0,Sopot,Górny Sopot, 4,87.0,1,2,,,Wtórny,,Kamienica,CEGŁA,1910.0,"C.O. GAZOWE,PIEC",02.01.2024,09.04.2024,morizon-301/9733/OMS,383,0,ANEKS KUCHENNY,,,,WŁASNOŚĆ,,,,03.01.2024,,,,,,,,,,,,,,,Sprzedaży
Gotowystylowy apartament w Sopocie Dolnym,1890000.0,Sopot,Dolny Sopot, 4,108.0,3,3,2.0,3.0,Wtórny,Na wyłączność,Blok,,1994.0,Co Miejskie,10.01.2024,07.03.2024,morizon-EC796921,887,0,,,,,,,,,,,,,,,,,,,,,,,,Sprzedaży
Mieszkanie - Sopot Dolny,2487730.0,Sopot,Dolny Sopot, 2,50.77,3,3,,,Wtórny,Na wyłączność,,,2008.0,Kotłownia lokalna,14.01.2024,10.04.2024,morizon-IT01303,377,0,Brak,1.0,Tak,Nie,Własność,Wysoki standard,,,,,,,,,,,,,,,,,,Sprzedaży
Apartament w kamienicy 117m2 w górnym Sopocie,2600000.0,Sopot,Górny Sopot, 4,117.0,1,2,,,Wtórny,,Kamienica,Cegła,1910.0,Co Miejskie,18.09.2023,12.04.2024,morizon-PAN333743,515,0,,,Nie,Nie,,,,,18.09.2023,,,,,,,,,,,,,,,Sprzedaży
Apartament podzielony na trzy mieszkania,3720000.0,Sopot,Dolny Sopot, 6,162.9,1,2,1.0,6.0,Wtórny,,Kamienica,Cegła,1899.0,Gazowe,29.12.2023,18.03.2024,morizon-EC369681,361,0,,,Tak,,,,,,,,,,,,,,,,,,,,,Sprzedaży
Przestronny Apartament z widokiem na morze,3850000.0,Sopot,Dolny Sopot, 4,132.0,2,3,,2.0,Wtórny,Na wyłączność,,,1899.0,,13.01.2024,17.04.2024,morizon-EC744792,442,0,,,Tak,,,,,,13.01.2024,,,,,,,,,,,,,,,Sprzedaży
Mieszkanie w sercu Sopotu,849000.0,Sopot,Górny Sopot, 2,48.5,1,10,,,Wtórny,,Blok,WIELKA PŁYTA,1970.0,C.O. Z SIECI MIEJSKIEJ,30.10.2023,04.03.2024,morizon-11800/8653/OMS,294,0,ODDZIELNA,1.0,Tak,,SPÓŁDZIELCZE WŁASNOŚCIOWE,,DO REMONTU,,01.03.2024,270 cm,,,,,,,,,,,,,,Sprzedaży
Nowe | Sopot | 400m dworzec | Oddanie 15.04.2024,980000.0,Sopot,Górny Sopot, 2,43.65,2,3,,,Pierwotny,,Dom wielorodzinny,SILIKAT,2024.0,C.O. Z SIECI MIEJSKIEJ,10.01.2024,28.03.2024,morizon-312/9733/OMS,274,0,ANEKS KUCHENNY,1.0,Tak,,,,DO WYKOŃCZENIA,,,,,,,,,,,,,,,,,Sprzedaży
3 pokoje na Haffnera - 55 m2,1119000.0,Sopot,Dolny Sopot, 3,44.1,3,3,,2.0,Wtórny,,,,1910.0,,11.12.2023,29.02.2024,morizon-685976,209,0,,,Tak,,,,,,,,,,,,,,55 m²,,,,,,,Sprzedaży
3 pokoje i 2 balkonycisza pod lasem w Sopocie,1979162.0,Sopot,Górny Sopot, 3,88.0,2,3,,,Pierwotny,,Apartamentowiec,,2023.0,Co Miejskie,01.12.2023,29.03.2024,morizon-DH746222,129,0,,,Tak,,,,,,01.12.2023,,,,,,,,"83,75 m²",,,,,,,Sprzedaży
KLIMATYCZNE MIESZKANIE SOPOT DOLNY,2200000.0,Sopot,Dolny Sopot, 4,89.0,3,3,,,Wtórny,Na wyłączność,,,1900.0,Pompy ciepła,04.03.2024,04.03.2024,morizon-LX014739,130,0,Brak,1.0,Tak,Nie,Własność,,,,,,,,,,,,,,,,,,,Sprzedaży
4 pokoje i duży ogródekcisza pod lasem w Sopocie,2377438.0,Sopot,Górny Sopot, 4,114.4,3,3,,3.0,Pierwotny,,Apartamentowiec,,2023.0,Co Miejskie,01.12.2023,29.03.2024,morizon-DH383696,159,0,,,,Tak,,,,,01.12.2023,,,,,,,,"107,54 m²",,,,,,,Sprzedaży
Apartament z klasąpo remoncie generalnym,2562000.0,Sopot,Dolny Sopot, 3,73.2,2,2,1.0,1.0,Wtórny,Na wyłączność,,,1904.0,,07.02.2024,27.02.2024,morizon-EC882233,352,0,,,,,,,,,03.02.2024,,,,,,,,,,,,,,,Sprzedaży
Apartament 4 pokoje nad morzem / Sopot Dolny/ Spa,3543203.0,Sopot,Dolny Sopot, 4,105.6,1,3,1.0,3.0,Pierwotny,,Apartamentowiec,,2021.0,Co Miejskie,31.01.2024,31.01.2024,morizon-DH882555,210,0,,,,Tak,,,,,31.01.2024,,,,,,,,"97,92 m²",,,,,,,Sprzedaży
Unikatowy apartament ok.150 m2 z tarasemSopot,5320000.0,Sopot,Dolny Sopot, 3,150.0,3,3,,,Wtórny,,Kamienica,CEGŁA,1906.0,C.O. GAZOWE,02.04.2024,02.04.2024,morizon-5598/1826/OMS,221,0,ODDZIELNA,2.0,,,WŁASNOŚĆ,,BARDZO WYSOKI STANDARD,,,340 cm,,,,,,,,,,,,,,Sprzedaży
Mieszkanie z ogródkiem ul. Malczewskiego Sopot,549000.0,Sopot,Brodwino, 1,32.0,3,3,,,Wtórny,Na wyłączność,,,,,01.02.2024,22.04.2024,morizon-921238,301,0,,,,,,,,,,,,,,,,,,,,,,,,Sprzedaży
Kamienny Potok 2 pokoje na sprzedaż,629000.0,Sopot,Kamienny Potok, 2,42.0,2,10,,1.0,Wtórny,Na wyłączność,Blok,Wielka płyta,,Co Miejskie,10.01.2024,13.04.2024,morizon-Kamienny Potok,204,0,,,Tak,,,,,,,,,,,,,,,,,,,,,Sprzedaży
Centrum Sopotu | NISKI CZYNSZ 150zł | parking,635000.0,Sopot,Dolny sopot, 2,47.3,3,3,,,Wtórny,Na wyłączność,Kamienica,Cegła,1920.0,Gazowe,20.07.2023,12.03.2024,morizon-TY197868,860,0,,,,,,,,,,,,,,,,,,,,,,,,Sprzedaży
Mieszkanie przy parku,890000.0,Sopot,Dolny Sopot, 2,49.9,3,3,1.0,,Wtórny,Na wyłączność,Dom wielorodzinny,Cegła,1895.0,Gazowe,01.03.2024,04.04.2024,morizon-4,217,0,Osobna,1.0,Nie,Nie,Własność,,Dobry,,,318 cm,Tak,,,,,,,,,,,,,Sprzedaży
2 pokojowe mieszkanie z ogródkiemnowe osiedle,972047.0,Sopot,Górny Sopot, 2,49.4,3,3,,,Pierwotny,,Apartamentowiec,,2023.0,Co Miejskie,30.11.2023,22.04.2024,morizon-DH119229,180,0,,,Tak,,,,,,,,,,,,,,"46,94 m²",,,,,,,Sprzedaży
Okazja- 3 pok. mieszkanie 350 m od morza i plaży,1150000.0,Sopot,Wyścigi, 3,56.0,1,11,,2.0,Wtórny,Na wyłączność,Wieżowiec,,1977.0,,18.07.2023,14.03.2024,morizon-DH214277,567,0,,,Tak,,,,,,,,,,,,,,,,,,,,,Sprzedaży
4 pokoje z ogródkiem,1392976.0,Sopot,Górny Sopot, 4,66.97,3,3,,,Pierwotny,,,,,,29.03.2024,04.04.2024,morizon-HEX132327,42,0,,,,,,,,,,,,,,,,,,,,,,,,Sprzedaży
SOPOT - mieszkania 2 3 i 4 pok. gotowe do odbioru,1466811.0,Sopot,Górny Sopot, 3,68.6,3,3,,,Pierwotny,,Apartamentowiec,,2023.0,Co Miejskie,29.11.2023,09.04.2024,morizon-DH309969,139,0,,,,,,,,,01.11.2023,,,,,,,,,,,,,,,Sprzedaży
Mieszkanie 4 pokojowenowa inwestycja w Sopocie,2113769.0,Sopot,Górny Sopot, 4,96.2,1,4,,,Pierwotny,,Apartamentowiec,,2023.0,Co Miejskie,30.11.2023,15.04.2024,morizon-DH608847,171,0,,,Tak,,,,,,,,,,,,,,"91,03 m²",,,,,,,Sprzedaży
Mieszkanie w Sopocie w otulinie lasu blisko morza,555000.0,Sopot,Górny Sopot, 2,35.0,3,4,,,Wtórny,,,,1970.0,C.o. miejskie,27.02.2024,26.02.2024,morizon-OR016280,197,0,Osobna,1.0,Nie,Nie,Własność,Do remontu,,,,,,,,,,,,,,,,,,Sprzedaży
Opis nieruchomości,610000.0,Sopot,Dolny Sopot, 1,22.0,2,4,,,Wtórny,Na wyłączność,,,2021.0,Miejskie,28.02.2024,13.04.2024,morizon-18280008,183,0,,,Tak,,Własność,,Wysoki standard,,,,,,,,,,,,300.0,,,,Mieszkanie,Sprzedaży
NIewielkieurokliwe mieszkanie blisko plaży,975000.0,Sopot,Karlikowo, 2,53.1,2,2,,1.0,Wtórny,,,,,,11.01.2024,10.04.2024,morizon-EC410460,312,0,,,Tak,,,,,,,,,,,,,,,,,,,,,Sprzedaży
Mieszkanie przy Haffnera Dolny Sopot,999000.0,Sopot,Dolny Sopot, 2,38.0,3,3,,,Wtórny,Na wyłączność,,,,,17.01.2024,29.02.2024,morizon-291880,169,0,,,,,,,,,,,,,,,,,,,,,,,,Sprzedaży
SOPOT | Apartament w centrum15 minut od plaży,1037375.0,Sopot,Dolny Sopot, 3,48.25,1,3,,,Wtórny,,Apartamentowiec,Silikat,2024.0,Ogrzewanie miejskie,12.03.2024,22.03.2024,morizon-CICU023,180,0,,,Tak,,Własność,,Deweloperski,,,,,,,,,,,,,,,,,Sprzedaży
Sopoteleganckienowegotowy apartament,1415173.0,Sopot,Górny Sopot, 2,55.9,3,3,,,Pierwotny,,Apartamentowiec,,2023.0,Co Miejskie,01.12.2023,05.03.2024,morizon-DH108645,142,0,,,Tak,,,,,,01.11.2023,,,,,,,,,,,,,,,Sprzedaży
Apartament z ogrodem i halą garażową,1890000.0,Sopot,Górny Sopot, 3,70.8,3,3,1.0,2.0,Wtórny,Na wyłączność,Apartamentowiec,,2019.0,Co Miejskie,25.01.2024,03.02.2024,morizon-EC552003,274,0,,,,Tak,,,,,,,,,,,,,,,,,,,,Sprzedaży
5 pokoi3 łazienki | Apartament w sercu Sopotu,2337500.0,Sopot,Dolny Sopot, 5,106.25,3,3,,,Wtórny,,Apartamentowiec,Silikat,2024.0,Ogrzewanie miejskie,12.03.2024,22.03.2024,morizon-RERU083,161,0,,,,Tak,Własność,,Deweloperski,,,,,,,,,,,,,,,,,Sprzedaży
Sopockie Klimaty,2700000.0,Sopot,Dolny Sopot, 3,85.0,3,3,,,Wtórny,,Kamienica,Cegła,1899.0,Gazowe,10.11.2023,17.04.2024,morizon-ET033032,381,0,Osobna,1.0,Nie,Tak,Własność,Do wykończenia,Do wykończenia,,,,,,,,,,,,,,,,,Sprzedaży
Apartament w Sopocie – niecałe 300 metrów od morza,2800000.0,Sopot,Dolny Sopot, 4,105.36,3,3,,,Wtórny,Na wyłączność,,,,,10.04.2024,09.04.2024,morizon-NY018303,106,0,Półotwarta,2.0,Nie,Tak,(Nieznany),Bardzo dobry,,,,,,,,,,,,,,,,,,Sprzedaży
Sopocka Kamienica Idealne na Apartamenty,2990000.0,Sopot,Dolny Sopot, 6,128.1,1,2,,,Wtórny,Na wyłączność,Kamienica,Cegła,1905.0,Gazowe,26.07.2023,11.03.2024,morizon-DH151608,388,0,,,,,,,,,,,,,,,,,,,,,,,,Sprzedaży
Wyjątkowy Apartament podzielony na dwa mieszkania,2999000.0,Sopot,Dolny Sopot, 5,122.0,3,3,1.0,3.0,Wtórny,,,,1900.0,,05.07.2023,05.04.2024,morizon-EC138999,568,0,,,,,,,,,,,,,,,,,,,,,,,,Sprzedaży
Luksusowy apartament w Sopocie blisko morza,1050000.0,Sopot,Górny Sopot, 2,65.65,1,4,,,Wtórny,,Kamienica,Cegła,,Gazowe,22.12.2023,21.03.2024,morizon-AG247359425,230,0,,,,,,,,,,,,,,,,,,,,,,,,Sprzedaży
SOPOT - mieszkania 2 3 i 4 pok. gotowe do odbioru,1100434.0,Sopot,Górny Sopot, 2,45.0,2,3,,,Pierwotny,,Apartamentowiec,,2023.0,Co Miejskie,29.11.2023,01.03.2024,morizon-DH292863,153,0,,,Tak,,,,,,01.11.2023,,,,,,,,,,,,,,,Sprzedaży
Sopoteleganckienowegotowe apartamenty,1142548.0,Sopot,Górny Sopot, 2,48.3,3,3,,,Pierwotny,,Apartamentowiec,,2023.0,Co Miejskie,01.12.2023,02.03.2024,morizon-DH163405,135,0,,,,,,,,,01.11.2023,,,,,,,,,,,,,,,Sprzedaży
Sopoteleganckienowegotowe apartamenty,1597389.0,Sopot,Świemirowo, 3,67.0,1,3,,,Pierwotny,,Apartamentowiec,,2023.0,Co Miejskie,01.12.2023,01.03.2024,morizon-DH431409,134,0,,,Tak,,,,,,01.11.2023,,,,,,,,,,,,,,,Sprzedaży
Dwupokojowesłoneczne mieszkanie z werandą,1695000.0,Sopot,Dolny Sopot, 2,51.3,1,2,1.0,1.0,Wtórny,Na wyłączność,,,1945.0,,26.01.2024,14.03.2024,morizon-EC448516,333,0,,,,,,,,,,,,,,,,,,,,,,,,Sprzedaży
SOPOT - mieszkania 2 3 i 4 pok. gotowe do odbioru,1870530.0,Sopot,Górny Sopot, 3,78.9,3,3,,,Pierwotny,,Apartamentowiec,,2023.0,Co Miejskie,29.11.2023,02.03.2024,morizon-DH192217,133,0,,,,,,,,,01.11.2023,,,,,,,,,,,,,,,Sprzedaży
SOPOT - mieszkania 2 3 i 4 pok. gotowe do odbioru,2273220.0,Sopot,Górny Sopot, 4,100.9,3,3,,3.0,Pierwotny,,Apartamentowiec,,2023.0,Co Miejskie,29.11.2023,02.03.2024,morizon-DH449589,171,0,,,,,,,,,01.11.2023,,,,,,,,,,,,,,,Sprzedaży
Opis nieruchomości,2350000.0,Sopot,Dolny Sopot, 4,85.12,3,3,,3.0,Wtórny,,Apartamentowiec,,2022.0,,21.03.2023,11.04.2024,morizon-MS-84694,545,0,,,,,,,Do wprowadzenia,,,,,,,,,,,,,,,,,Sprzedaży
Niesamowity apartament w sercu Sopotu,3400000.0,Sopot,Dolny Sopot, 5,115.68,2,2,2.0,,Wtórny,,Apartamentowiec,,2004.0,Gazowe,24.01.2024,07.03.2024,morizon-DJ265349,178,0,,,Tak,,,,,,24.01.2024,,,,,,,,,,,,,,,Sprzedaży
Sprzedam mieszkanie dwupokojowe w Sopocie,599000.0,Sopot,Górny Sopot, 2,37.6,9,10,,,Wtórny,,Blok,Wielka płyta,1971.0,,03.04.2024,16.04.2024,morizon-gratka-34153549,121,0,Osobna,,Tak,,Własność,,,,01.05.2024,,Tak,,,,,,,,,,,,,Sprzedaży
Mieszkanie w otulinie lasu15MIN DO MORZA,635000.0,Sopot,Kamienny Potok, 2,37.2,2,10,,,Wtórny,,Wieżowiec,,1977.0,C.O. Z SIECI MIEJSKIEJ,07.09.2023,19.04.2024,morizon-588/13290/OMS,496,0,ODDZIELNA,1.0,Tak,,SPÓŁDZIELCZE WŁASNOŚCIOWE,,WYSOKI STANDARD,,,,,,,,,,,,,,,,,Sprzedaży
Niewielkie mieszkanie w wyremontowanej kamienicy,850000.0,Sopot,Dolny Sopot, 2,31.26,1,3,1.0,1.0,Wtórny,Na wyłączność,,,,,20.12.2023,19.04.2024,morizon-EC177012,409,0,,,,,,,,,,,,,,,,,,,,,,,,Sprzedaży
2 pokoje na parterze kamienicyblisko plaży,1249000.0,Sopot,Dolny Sopot, 2,69.0,3,3,,,Wtórny,,Kamienica,Cegła,1896.0,,07.12.2023,17.04.2024,morizon-334858,284,0,,,,,,,,,01.06.2024,,,,,,,,,,,,,,,Sprzedaży
3-pokojowe w doskonałej lokalizacji/hala garażowa,1450000.0,Sopot,Dolny Sopot, 3,67.21,1,2,,2.0,Wtórny,,,,2001.0,,01.02.2024,04.03.2024,morizon-817375,263,0,,,Tak,,,,,,,,,,,,,,,,,,,,,Sprzedaży
Unikatowy apartament ok.150 m2 z tarasemSopot,5320000.0,Sopot,Dolny Sopot, 3,150.0,3,3,,,Wtórny,,Kamienica,CEGŁA,1906.0,C.O. GAZOWE,02.04.2024,02.04.2024,morizon-5598/1826/OMS,221,0,ODDZIELNA,2.0,,,WŁASNOŚĆ,,BARDZO WYSOKI STANDARD,,,340 cm,,,,,,,,,,,,,,Sprzedaży
GÓRNY SOPOT!! po generalnym remoncie,2650000.0,Sopot,Górny Sopot, 3,105.2,1,1,,,Wtórny,,Kamienica,Cegła,1910.0,Gazowe,19.04.2023,07.11.2023,morizon-PH176217,461,0,,,,Tak,,,,,,,,,,,,,,,,,,,,Sprzedaży
Kawalerka w Sopocie blisko morza! Idealna pod inwestycję,659000.0,Sopot,Karlikowo, 1,32.1,3,3,1.0,,Wtórny,,Kamienica,Cegła,1934.0,Gazowe,09.01.2024,12.03.2024,morizon-2024/S/PB/2,454,0,Aneks,1.0,Nie,Nie,Własność,Do remontu,Bardzo dobry,,09.01.2024,300 cm,Tak,,,50 m²,,4 m²,,,,,,,,Sprzedaży
Możliwość aranżacji większej ilości pokoi,1299000.0,Sopot,Górny Sopot, 3,101.21,2,3,1.0,2.0,Wtórny,Na wyłączność,Kamienica,Cegła,1950.0,Gazowe,15.08.2023,08.03.2024,morizon-R-601299,594,0,,,,,,,,,30.09.2023,,,,,,,,,,,,,,,Sprzedaży
Nowe mieszkanie w centrum Sopotu 4pokoje 66m2,1392976.0,Sopot,Górny Sopot, 4,66.97,3,3,1.0,,Pierwotny,,Blok,,,Co Miejskie,28.03.2024,28.03.2024,morizon-DJ956808,39,0,,,,,,,,,,,,,,,,,,,,,,,,Sprzedaży
Sopot ul. Bohaterów Monte Cassino! blisko morza,1494500.0,Sopot,Dolny Sopot, 3,61.0,3,3,1.0,2.0,Wtórny,,Kamienica,Cegła,1930.0,Gazowe,16.01.2024,02.04.2024,morizon-DH464045,128,0,,,,,,,,,,,,,,,,,,,,,,,,Sprzedaży
Nowe mieszkanie w centrum Sopotu 4pokoje 106 55m2,2290825.0,Sopot,Górny Sopot, 4,106.55,1,3,1.0,,Pierwotny,,Blok,,,Co Miejskie,28.03.2024,28.03.2024,morizon-DJ821069,57,0,,,Tak,,,,,,,,,,,,,,,,,,,,,Sprzedaży
3 pokoje do własnej aranżacji 4 minuty od plaży,1400000.0,Sopot,Dolny Sopot, 3,68.47,3,3,1.0,,Wtórny,,Kamienica,Cegła,1900.0,Gazowe,07.06.2022,27.03.2024,morizon-PAN486261,2 854,0,,,Nie,Nie,,,,,,,,,,,,,,,,,,,,Sprzedaży
3 pokoje do własnej aranżacji- 200m do plaży,1420000.0,Sopot,Dolny Sopot, 3,68.41,3,3,,,Wtórny,Na wyłączność,Kamienica,,1896.0,,09.01.2024,19.04.2024,morizon-DH331775,301,0,,,,,,,,,,,,,,,,,,,,,,,,Sprzedaży
Blisko plażyz ogródkiem 150 m2,1420000.0,Sopot,Dolny Sopot, 3,49.0,3,3,,2.0,Wtórny,,Apartamentowiec,,2009.0,Co Miejskie,06.10.2023,15.03.2024,morizon-DH514111,390,0,,,,,,,,,01.10.2023,,,,,,,,,,,,,,,Sprzedaży
Sopot ul. Łokietkaoryginalny apartament 101 70 m,2220000.0,Sopot,Karlikowo, 4,101.7,3,3,,,Wtórny,Na wyłączność,,Różnorodny,2011.0,C.o. miejskie,16.12.2023,11.04.2024,morizon-AK0911,653,0,Półotwarta,2.0,Tak,Nie,Własność,Wysoki standard,,,,,Nie,,,,,,,,,,,,,Sprzedaży
Dwupiętrowy apartament | widok na las | duży garaż,2685000.0,Sopot,Górny Sopot, 3,124.6,1,2,,2.0,Wtórny,,Blok,,2000.0,Gazowe,17.11.2023,20.02.2024,morizon-DH614687,316,0,,,Tak,,,,,,20.02.2023,,,,,,,,,,,,,,,Sprzedaży
Sopot2 lokale z możliwością podziału na 4,2990000.0,Sopot,Dolny Sopot, 9,288.8,2,3,,,Wtórny,,Kamienica,Cegła,1901.0,Co Własne,27.09.2023,25.03.2024,morizon-PAN672699,550,0,,,Tak,Nie,,,,,,,,,,,,,,,,,,,,Sprzedaży
Atrakcyjne mieszkanie blisko plaży,1200000.0,Sopot,Dolny Sopot, 3,60.0,1,3,,,Wtórny,,Blok,Pustak,1994.0,Co Miejskie,05.02.2024,07.02.2024,morizon-PAN130620,423,0,,,Tak,Nie,,,,,,,,,,,,,,,,,,,,Sprzedaży
Komfortowe 4 Pokoje Nowa Inwestycja 1 5 km od Molo,1392976.0,Sopot,Górny Sopot, 4,66.97,3,3,,3.0,Pierwotny,,Apartamentowiec,,2024.0,Co Miejskie,03.10.2023,14.03.2024,morizon-223494,199,0,,,,,,,,,,,,,,,,,,,,,,,,Sprzedaży
Kultowa lokalizacj! Słynny deptak 800 m od plaży,1599000.0,Sopot,Dolny Sopot, 4,119.7,3,3,,,Wtórny,,Kamienica,Cegła,1904.0,Gazowe,17.02.2023,15.02.2024,morizon-DH958663,751,0,,,,,,,,,,,,,,,,,"151,10 m²",,,,,,,Sprzedaży
Piękny apartament w Sopocie • WIRTUALNY SPACER,1849000.0,Sopot,Dolny Sopot, 3,80.9,1,3,,2.0,Wtórny,Na wyłączność,,,,,24.10.2023,27.02.2024,morizon-310764,255,0,,,Tak,,,,,,,,,,,,,,,,,,,,,Sprzedaży
Inwestycja w sercu Sopotu,1900000.0,Sopot,Dolny Sopot, 4,156.27,2,3,1.0,,Wtórny,,Kamienica,Cegła,1901.0,Gazowe,01.04.2022,23.02.2024,morizon-EC462290,2 310,0,,,Tak,,,,,,,,,,,,,,,,,,,,,Sprzedaży
4-pokojowy Apartament z tarasem blisko plaży,1921000.0,Sopot,Dolny Sopot, 4,117.84,3,3,1.0,3.0,Wtórny,Na wyłączność,,,1910.0,,20.09.2022,19.02.2024,morizon-EC991330,2 212,0,,,Tak,Tak,,,,,,,,,,,,,,,,,,,,Sprzedaży
PIĘKNY APARTAMENT Z DUSZĄ W DOLNYM SOPOCIE,2790000.0,Sopot,Dolny Sopot, 3,112.0,3,3,,,Wtórny,,Kamienica,Cegła,1903.0,Gazowe,02.10.2023,07.03.2024,morizon-PAN718985,328,0,,,Tak,Nie,,,,,,,,,,,,,,,,,,,,Sprzedaży
Mieszkanie - Sopot Centrum,698000.0,Sopot,Dolny Sopot, 2,54.0,1,2,,,Wtórny,,,,1905.0,Kotłownia lokalna,30.10.2023,08.04.2024,morizon-CN0745,1 220,0,Osobna,1.0,Tak,Nie,Własność,Po remoncie,,,,,,,,,,,,,,,,,,Sprzedaży
Klimatyczne mieszkanie Sopot 3 pokoje po remoncie blisko SKM wysoki standard,699000.0,Sopot,Górny Sopot, 3,50.0,3,3,,,Wtórny,,,Cegła,,,23.02.2024,18.04.2024,morizon-525047,580,0,Oddzielna,1.0,,,Własność,,,,,,,,,,,,,,,,,,,Sprzedaży
4 pokojowe mieszkanie w centrum Sopotu- inwestycja,699000.0,Sopot,Dolny Sopot, 4,56.01,3,3,,3.0,Wtórny,Na wyłączność,Kamienica,,1905.0,,11.08.2023,14.03.2024,morizon-DH611767,794,0,,,,,,,,,,,,,,,,,,,,,,,,Sprzedaży
Apartament z ogrodem | SOPOT Centrum,1392976.0,Sopot,Górny Sopot, 4,66.97,3,3,,,Wtórny,,,,2024.0,,02.04.2024,22.04.2024,morizon-HEX927414,61,0,,,,,,,,,,,,,,,,,,,,,,,,Sprzedaży
Mieszkanie do własnej aranżacji 250 m od plaży,1490000.0,Sopot,Dolny Sopot, 3,63.3,3,3,1.0,,Wtórny,,Kamienica,Cegła,1900.0,Gazowe,07.06.2022,28.02.2024,morizon-PAN771374,3 969,0,,,Nie,Nie,,,,,,,,,,,,,,,,,,,,Sprzedaży
Niezwykły Apartament w wysokim standardzie z sauną,2600000.0,Sopot,Dolny Sopot, 4,114.82,2,2,2.0,3.0,Wtórny,,,,1903.0,,27.01.2023,26.03.2024,morizon-EC298226,2 185,0,,,Tak,,,,,,,,,,,,,,,,,,,,,Sprzedaży
Słoneczny apartament blisko morza. 5min od Mola,2790000.0,Sopot,Dolny Sopot, 2,112.0,3,3,,,Wtórny,,Kamienica,,1903.0,Gazowe,26.09.2023,23.03.2024,morizon-740192,219,0,,,,,,,,,,,,,,,,,,,,,,,,Sprzedaży
Sopot Dolny - lokal podzielony na 3 mieszkania,4300000.0,Sopot,Dolny Sopot, 8,189.2,3,3,,,Wtórny,Na wyłączność,,,1900.0,Gazowe,20.02.2024,20.02.2024,morizon-KO06983,67,0,Półotwarta,3.0,Nie,Nie,Własność,Bardzo dobry,,,,,Nie,,,,,,,,,,,,,Sprzedaży
3 pokoje do własnej aranżacji,1039000.0,Sopot,Górny Sopot, 3,74.0,3,3,,3.0,Wtórny,Na wyłączność,,,1935.0,,22.01.2024,20.04.2024,morizon-HEX411386573,237,0,,,,,,,,,22.01.2024,,,,,,,,85 m²,,,,,,,Sprzedaży
SOPOT 2 pok. apartament w centrum,1050000.0,Sopot,Dolny Sopot, 2,65.0,1,3,,,Wtórny,,Kamienica,Cegła,1906.0,Gazowe,06.02.2024,06.02.2024,morizon-PAN418813,318,0,,,Nie,Nie,,,,,,,,,,,,,,,,,,,,Sprzedaży
3 pokoje w Sopocie w kamienicy,1169000.0,Sopot,Świemirowo, 3,73.4,3,3,1.0,2.0,Wtórny,Na wyłączność,Kamienica,Cegła,1900.0,Gazowe,01.05.2023,04.03.2024,morizon-HEX389395,584,0,,,,,,,,,26.04.2023,,,,,,,,,,,,,,,Sprzedaży
Sopot Dolny. 200 m do plaży.kamienica,1249000.0,Sopot,Dolny Sopot, 2,71.7,3,3,,2.0,Wtórny,,Kamienica,,1896.0,,20.12.2023,23.03.2024,morizon-DH769380,436,0,,,,,,,,,,,,,,,,,,,,,,,,Sprzedaży
Ekskluzywny Apartament z tarasem i halą garażową,4800000.0,Sopot,Dolny Sopot, 3,120.0,1,3,1.0,2.0,Wtórny,Na wyłączność,Apartamentowiec,,,Co Miejskie,09.02.2023,03.02.2024,morizon-EC142682,1 691,0,,,,Tak,,,,,07.02.2023,,,,,,,,,,,,,,,Sprzedaży
Mieszkanie Sopot Centrum,698000.0,Sopot,Dolny Sopot, 2,53.8,1,2,,,Wtórny,,Kamienica,Cegła,,Gazowe,24.04.2023,17.01.2024,morizon-AG625377,1 757,0,,,Tak,,,,,,,,,,,,,,,,,,,,,Sprzedaży
2 mieszkania w centrum Sopotu,1100000.0,Sopot,Dolny Sopot, 4,84.0,3,3,1.0,2.0,Wtórny,,Blok,Konstrukcja żelbetowa,1960.0,Co Miejskie,28.01.2021,06.11.2023,morizon-PAN334763147,5 863,0,,,Tak,,,,,,,,,,,,,,"71,30 m²",,,,,,,Sprzedaży
3 pokoje w Sopocie- second home/inwestycja,1329000.0,Sopot,Dolny Sopot, 3,58.0,2,2,1.0,2.0,Wtórny,Na wyłączność,Kamienica,Cegła,1928.0,Gazowe,02.10.2023,28.12.2023,morizon-WH936797,976,0,,,,,,,,,,,,,,,,,57 m²,,,,,,,Sprzedaży
Unikatowy apartament ok.150 m2 z tarasemSopot,5320000.0,Sopot,Dolny Sopot, 3,150.0,3,3,,,Wtórny,,Kamienica,CEGŁA,1906.0,C.O. GAZOWE,02.04.2024,02.04.2024,morizon-5598/1826/OMS,221,0,ODDZIELNA,2.0,,,WŁASNOŚĆ,,BARDZO WYSOKI STANDARD,,,340 cm,,,,,,,,,,,,,,Sprzedaży
Apartament z ogródkiemSopotzamknięte osiedle,1499000.0,Sopot,Karlikowo, 2,58.3,3,3,,,Wtórny,,Apartamentowiec,,2011.0,Co Miejskie,04.08.2023,13.11.2023,morizon-PH226048,506,0,,,,,,,,,,,,,,,,,,,,,,,,Sprzedaży
Komfortowe 2 pokoje blisko morza,1840000.0,Sopot,Wyścigi, 2,72.5,1,3,,1.0,Wtórny,,Apartamentowiec,Cegła,2007.0,,08.12.2023,29.01.2024,morizon-WH125915,401,0,,,Tak,,,,,,,,,,,,,,,,,,,,,Sprzedaży
MIeszkanie przy plaży z widokiem na morze,1850000.0,Sopot,Dolny Sopot, 2,80.0,3,3,2.0,1.0,Wtórny,Na wyłączność,Kamienica,Cegła,1905.0,Elektryczne,18.08.2023,26.01.2024,morizon-EC793682,1 055,0,,,,,,,,,11.08.2023,,,,,,,,"44,10 m²",,,,,,,Sprzedaży
Mieszkanie z dusząw świetnej lokalizacji,1890000.0,Sopot,Dolny Sopot, 2,81.2,1,3,,1.0,Wtórny,,Kamienica,Cegła,1920.0,Gazowe,18.08.2023,19.01.2024,morizon-EC900321,614,0,,,,,,,,,,,,,,,,,,,,,,,,Sprzedaży
Piękneklimatyczne mieszkanie w kamienicy,1895000.0,Sopot,Dolny Sopot, 2,81.0,1,3,,,Wtórny,,Kamienica,,1920.0,,17.11.2023,03.02.2024,morizon-DH209396,215,0,,,,,,,,,,,,,,,,,,,,,,,,Sprzedaży
Ciche mieszkaniena nowoczesnym osiedlu,1995000.0,Sopot,Górny Sopot, 2,69.0,2,3,1.0,1.0,Wtórny,Na wyłączność,Apartamentowiec,,2011.0,Co Miejskie,02.11.2023,23.01.2024,morizon-EC209600,439,0,,,Tak,,,,,,,,,,,,,,,,,,,,,Sprzedaży
Rentowna inwestycja! 5 pokoi Dolny Sopot,2264000.0,Sopot,Dolny Sopot, 5,136.26,2,3,,,Wtórny,Na wyłączność,Kamienica,Cegła,1910.0,Gazowe,07.12.2022,20.09.2023,morizon-PH677447,1 234,0,,,Tak,,,,,,,,,,,,,,,,,,,,,Sprzedaży
Połowa willi w Sopocie,2650000.0,Sopot,Górny Sopot, 3,117.0,1,1,,2.0,Wtórny,,Kamienica,Cegła,1910.0,Gazowe,05.04.2023,22.01.2024,morizon-PAN230659,588,0,,,Nie,Tak,,,,,,,,,,,,,,,,,,,,Sprzedaży
Prosperujący obiekt inwestycyjny 3w1 200m od plaży,2850000.0,Sopot,Dolny Sopot, 4,128.0,1,3,1.0,5.0,Wtórny,Na wyłączność,Kamienica,Cegła,1920.0,Co Własne,18.09.2023,13.02.2024,morizon-WH690813,439,0,,,,,,,,,,,,,,,,,,,,,,,,Sprzedaży
Apartament inwestycyjny w sercu Dolnego Sopotu,3750000.0,Sopot,Dolny Sopot, 6,180.0,1,2,,6.0,Wtórny,Na wyłączność,Kamienica,Cegła,1905.0,Gazowe,12.09.2023,28.12.2023,morizon-553113,477,0,,,Tak,,,,,,,,,,,,,,,,,,,,,Sprzedaży
Piękna kawalerka w Sopocie,580000.0,Sopot,Dolny Sopot, 1,30.0,2,10,1.0,,Wtórny,,Blok,Cegła,1969.0,Co Miejskie,26.11.2023,15.02.2024,morizon-WH231390,883,0,,,,,,,,,,,,,,,,,,,,,,,,Sprzedaży
Sopot2 pokojeInwestycjaOkazja,594900.0,Sopot,Przylesie, 2,35.4,1,10,1.0,1.0,Wtórny,,Wieżowiec,Wielka płyta,1970.0,Co Miejskie,15.12.2023,23.03.2024,morizon-464971,357,0,,,Tak,,,,,,15.12.2023,,,,,,,,,,,,,,,Sprzedaży
Dwupokojowe mieszkanie po remoncie. Inwestycja,650000.0,Sopot,Karlikowo, 2,38.0,3,3,1.0,1.0,Wtórny,Na wyłączność,Kamienica,Cegła,1950.0,Gazowe,31.10.2022,05.02.2023,morizon-EC121751,2 716,0,,,,,,,,,,,,,,,,,,,,,,,,Sprzedaży
Świetna przestrzeń po remoncie10 minut od plaży,1485000.0,Sopot,Dolny Sopot, 2,50.2,2,3,,1.0,Wtórny,Na wyłączność,Kamienica,Cegła,1950.0,Gazowe,02.10.2023,14.02.2024,morizon-EC252071,602,0,,,,,,,,,,,,,,,,,,,,,,,,Sprzedaży
Apartament z ogrodem i trzema sypialniami,2550000.0,Sopot,Dolny Sopot, 4,92.65,3,3,,3.0,Wtórny,,Apartamentowiec,,2000.0,Co Miejskie,20.04.2023,01.03.2024,morizon-EC906287,612,0,,,,Tak,,,,,,,,,,,,,,,,,,,,Sprzedaży
Mieszkanie - Sopot,3367499.0,Sopot,Dolny Sopot, 4,134.7,2,3,,,Wtórny,Na wyłączność,,,,Gazowe,13.01.2024,13.03.2024,morizon-AK0912,513,0,Osobna,1.0,Nie,Nie,Własność,Bardzo dobry,,,,,,,,,,,,,,,,,,Sprzedaży
2 pokojowe mieszkanie w centrum Sopotu- inwestycja,599000.0,Sopot,Dolny Sopot, 2,43.2,3,3,,2.0,Wtórny,Na wyłączność,Kamienica,,1905.0,,11.08.2023,14.03.2024,morizon-DH331449,961,0,,,,,,,,,,,,,,,,,,,,,,,,Sprzedaży
Mieszkanie w Kamienicy3 pokoje Sopot Górny,999000.0,Sopot,Górny Sopot, 3,66.1,3,3,,1.0,Wtórny,,Kamienica,Cegła,1890.0,Gazowe,07.02.2024,07.02.2024,morizon-382711,315,0,,,,,,,,,01.02.2024,,,,,,,,,,,,,,,Sprzedaży
Mieszkanie - Sopot Górny,1800000.0,Sopot,Górny Sopot, 7,108.9,1,2,,,Wtórny,,,,1900.0,Gazowe,27.11.2023,27.11.2023,morizon-CN0752,389,0,Półotwarta,3.0,Nie,Nie,Własność,Bardzo dobry,,,,,,,,,,,,,,,,,,Sprzedaży
Kawalerka nad samym morzem,659000.0,Sopot,Karlikowo, 1,33.6,3,3,1.0,,Wtórny,Na wyłączność,Kamienica,,1934.0,Gazowe,05.10.2023,02.02.2024,morizon-R-207055,968,0,,,,,,,,,10.11.2023,,,,,,,,,,,,,,,Sprzedaży
Zamieszkaj w cichej części Sopotu,1450000.0,Sopot,Wyścigi, 3,67.21,1,2,,,Wtórny,Na wyłączność,Apartamentowiec,,2000.0,,24.08.2023,14.12.2023,morizon-DH234957,484,0,,,Tak,,,,,,,,,,,,,,,,,,,,,Sprzedaży
Apartament Sopot,1473340.0,Sopot,Dolny Sopot, 4,66.97,3,3,1.0,,Pierwotny,,Apartamentowiec,Konstrukcja mieszana,,Co Własne,16.02.2024,16.02.2024,morizon-DJ677073,111,0,,,Tak,,,,,,30.06.2024,,,,,,,,,,,,,,,Sprzedaży
Przestronne 3 pokoje na zamkniętym osiedlu,1489000.0,Sopot,Przylesie, 3,100.0,2,3,,,Wtórny,,Apartamentowiec,,1998.0,Co Miejskie,20.05.2023,10.03.2024,morizon-TC375466,1 066,0,,,Tak,,,,,,01.05.2023,,,,,,,,"99,20 m²",,,,,,,Sprzedaży
MIeszkanie z dwoma balkonami i dużym strychem,2075000.0,Sopot,Dolny Sopot, 3,96.03,2,2,1.0,2.0,Wtórny,Na wyłączność,,,1910.0,,11.07.2023,20.02.2024,morizon-EC588404,875,0,,,Tak,,,,,,,,,,,,,,,,,,,,,Sprzedaży
Apartament z 2 balkonami2 miejscami parkingowymi,2650000.0,Sopot,Karlikowo, 3,105.3,2,2,,2.0,Wtórny,,Kamienica,,2011.0,Gazowe,05.10.2023,23.01.2024,morizon-EC800848,603,0,,,Tak,,,,,,,,,,,,,,,,,,,,,Sprzedaży
Czteropokojowy Apartamenttuż przy plaży,2700000.0,Sopot,Dolny Sopot, 4,84.1,1,2,1.0,3.0,Wtórny,Na wyłączność,,,1900.0,,15.03.2023,08.01.2024,morizon-EC557196,1 126,0,,,,,,,,,15.03.2023,,,,,,,,,,,,,,,Sprzedaży
Sopot Unikat- 4 osobne mieszkania,2799000.0,Sopot,Dolny Sopot, 8,163.0,1,2,,,Wtórny,,Kamienica,,,Gazowe,24.10.2023,27.12.2023,morizon-474942,137,0,,,Nie,Tak,,,,,,,,,,,,,,,,,,,,Sprzedaży
Nowy apartament w Sopocie kameralnej inwestycji,2866500.0,Sopot,Kamienny Potok, 4,114.66,2,3,2.0,2.0,Pierwotny,,Apartamentowiec,,2025.0,Co Własne,29.11.2023,01.03.2024,morizon-DH463196,195,0,,,Tak,,,,,,01.04.2025,,,,,,,,,,,,,,,Sprzedaży
Nowy apartament z dużym ogrodem,3361250.0,Sopot,Kamienny Potok, 4,134.45,3,3,,3.0,Pierwotny,,Apartamentowiec,,2025.0,Co Własne,29.11.2023,01.03.2024,morizon-DH381854,189,0,,,Tak,,,,,,01.04.2025,,,,,,,,,,,,,,,Sprzedaży
Szlachetne wnętrze - 140 m2 - blisko plaży,3390000.0,Sopot,Dolny Sopot, 5,140.0,1,3,1.0,4.0,Wtórny,Na wyłączność,,,1900.0,,22.08.2021,17.11.2023,morizon-EC485004,4 431,0,,,,,,,,,,,,,,,,,,,,,,,,Sprzedaży
Nowy apartament 4 pok. z dużym ogrodem,3484750.0,Sopot,Kamienny Potok, 4,139.39,3,3,2.0,3.0,Pierwotny,,Apartamentowiec,,2025.0,Co Własne,29.11.2023,01.03.2024,morizon-DH301996,165,0,,,Tak,,,,,,01.04.2025,,,,,,,,,,,,,,,Sprzedaży
Nowa inwestycja w centrum Sopotu,402000.0,Sopot,Dolny Sopot, 1,20.1,2,3,,,Pierwotny,,Blok,Konstrukcja mieszana,2023.0,Co Miejskie,09.05.2022,06.12.2022,morizon-PAN448058,4 171,0,,,Nie,Nie,,,,,30.04.2023,,,,,,,,,,,,,,,Sprzedaży
Mieszkanie - Sopot Centrum,570000.0,Sopot,Dolny Sopot, 1,21.94,3,3,,,Wtórny,,,,1900.0,Elektryczne,14.11.2023,12.04.2024,morizon-CN0770,405,0,Półotwarta,1.0,Nie,Nie,Własność,Bardzo dobry,,,,,,,,,,,,,,,,,,Sprzedaży
Mieszkanie - Sopot Dolny,980000.0,Sopot,Dolny Sopot, 2,48.41,1,2,,,Wtórny,,,,1960.0,C.o. miejskie,14.11.2023,01.12.2023,morizon-KO06971,357,0,Osobna,1.0,Tak,Nie,Własność,Częściowo po remoncie,,,,,,,,,,,,,,,,,,Sprzedaży
Inwestycja w samym sercu Dolnego Sopotu,1169000.0,Sopot,Dolny Sopot, 2,59.8,3,3,,,Wtórny,,Kamienica,,1905.0,Gazowe,15.03.2023,20.02.2024,morizon-NN894903,1 059,0,,,,,,,,,,,,,,,,,,,,,,,,Sprzedaży
Unikatowy apartament ok.150 m2 z tarasemSopot,5320000.0,Sopot,Dolny Sopot, 3,150.0,3,3,,,Wtórny,,Kamienica,CEGŁA,1906.0,C.O. GAZOWE,02.04.2024,02.04.2024,morizon-5598/1826/OMS,221,0,ODDZIELNA,2.0,,,WŁASNOŚĆ,,BARDZO WYSOKI STANDARD,,,340 cm,,,,,,,,,,,,,,Sprzedaży
Opis nieruchomości,1212000.0,Sopot,Dolny Sopot, 2,57.95,1,1,,,Wtórny,,Dom wielorodzinny,Cegła,1940.0,Gazowe,22.12.2020,02.10.2023,morizon-PAN182713665,4 158,0,,,Tak,,,,,,,,,,,,,,,,,,,,,Sprzedaży
Spacerem na plażę i kawę na Monte Cassino,1299000.0,Sopot,Górny Sopot, 2,63.0,2,2,,,Wtórny,,,,2000.0,,16.11.2023,07.03.2024,morizon-NN129390,528,0,,,Tak,Tak,,,,,,,,,,,,,80 m²,,,,,,,Sprzedaży
Zarabiający apartament przy ul Monte Cassino,1494500.0,Sopot,Dolny Sopot, 3,61.0,3,3,,3.0,Wtórny,,Kamienica,Cegła,1985.0,Gazowe,23.11.2023,10.04.2024,morizon-GOF177529,333,0,,,,,,,,,,,,,,,,,,,,,,,,Sprzedaży
Cudowny dwupoziomowy apartament w sercu Sopotu,1800000.0,Sopot,Górny Sopot, 3,100.0,3,3,,,Wtórny,,Kamienica,,1922.0,,23.05.2022,29.02.2024,morizon-1910/464/OMS,6 120,0,OTWARTA,1.0,,,WŁASNOŚĆ,,,,,,,,,,,,,,,,,,,Sprzedaży
Opis nieruchomości,3200000.0,Sopot,Dolny Sopot, 4,140.0,4,4,,3.0,Wtórny,Na wyłączność,Kamienica,Cegła,1930.0,Co Miejskie,27.11.2023,07.02.2024,morizon-HEX928822,420,0,,,,Tak,,,,,,,,,,,,,"112,90 m²",,,,,,,Sprzedaży
Luksusowy 5-pokojowy apartament o pow. 132 m2,5490000.0,Sopot,Dolny Sopot, 5,132.0,3,3,1.0,4.0,Wtórny,,,,2014.0,,26.06.2023,21.02.2024,morizon-EC828727,640,0,,,,,,,,,,,,,,,,,,,,,,,,Sprzedaży
Nowa inwestycja w centrum Sopotu,472000.0,Sopot,Dolny Sopot, 1,23.6,3,3,,,Pierwotny,,Blok,Konstrukcja mieszana,2023.0,Co Miejskie,09.05.2022,06.12.2022,morizon-PAN389953,2 137,0,,,Nie,Nie,,,,,30.04.2023,,,,,,,,,,,,,,,Sprzedaży
Luksusoweunikatowe studio po generalnym remoncie w Sopocie,585000.0,Sopot,Brodwino, 1,30.0,2,11,,,Wtórny,,,,,,20.02.2024,20.02.2024,morizon-1538318510,317,0,,,,,,,,,Od zaraz,,,,,,,,,,,,,,,Sprzedaży
Mieszkanie - Sopot Dolny,800000.0,Sopot,Dolny Sopot, 2,27.9,3,3,,,Wtórny,,,,1900.0,Gazowe,14.11.2023,14.03.2024,morizon-CN0746,736,0,Półotwarta,1.0,Nie,Nie,Własność,Bardzo dobry,,,,,,,,,,,,,,,,,,Sprzedaży
Sopot - 2 pokoje - blisko plaży i centrum,950000.0,Sopot,Karlikowo, 2,44.0,4,4,,,Wtórny,,Blok,,,,02.02.2024,19.04.2024,morizon-1831/13290/OMS,304,0,ANEKS KUCHENNY,1.0,Tak,,,,BARDZO WYSOKI STANDARD,,,,,,,,,,,,,,,,,Sprzedaży
5 minut na Monte Casino i spacerem do plaży,999000.0,Sopot,Górny Sopot, 3,66.1,3,3,1.0,3.0,Wtórny,,,,,,06.02.2024,22.02.2024,morizon-NN691024,413,0,,,,,,,,,01.02.2024,,,,,,,,,,,,,,,Sprzedaży
Mieszkanie z domkiem letniskowym blisko plaży,1280000.0,Sopot,Karlikowo, 3,65.0,1,2,,2.0,Wtórny,Na wyłączność,,,1930.0,,15.03.2024,15.03.2024,morizon-HEX132884,174,0,,,,Tak,,,,,,,,,,,,,,,,,,,,Sprzedaży
Centrum Sopotu 2 pokoje,1300000.0,Sopot,Dolny Sopot, 2,53.0,3,4,,,Wtórny,,Blok,Cegła,1960.0,Gazowe,22.12.2020,09.01.2023,morizon-PAN812049223,3 512,0,,,Tak,,,,,,,,,,,,,,,,,,,,,Sprzedaży
Apartament 3 minuty od plaży,1850000.0,Sopot,Dolny Sopot, 4,92.76,3,3,,,Wtórny,,Apartamentowiec,YTong,2003.0,Elektryczne,08.05.2023,11.10.2023,morizon-PAN862871,949,0,,,Tak,Nie,,,,,,,,,,,,,120 m²,,,,,,,Sprzedaży
Cudo architektury Sopotu85 m2,2700000.0,Sopot,Dolny Sopot, 3,85.0,3,3,,2.0,Wtórny,,,,1920.0,,17.11.2023,14.02.2024,morizon-EC152031,218,0,,,,,,,,,11.06.2023,,,,,,,,,,,,,,,Sprzedaży
Nowa inwestycja w centrum Sopotu,454000.0,Sopot,Dolny Sopot, 1,22.7,3,3,,,Pierwotny,,Blok,Konstrukcja mieszana,2023.0,Co Miejskie,09.05.2022,05.03.2024,morizon-PAN346004,2 535,0,,,Tak,Nie,,,,,30.04.2023,,,,,,,,,,,,,,,Sprzedaży
Nieruchomość w Hiszpani - Costa Blanca,1161000.0,Sopot,Dolny Sopot, 3,75.0,3,3,1.0,,Wtórny,,Apartamentowiec,,2020.0,,10.10.2022,15.04.2024,morizon-415901,5 208,0,,,Nie,Tak,,,,,,,,,,,,,,,,,,,,Sprzedaży
Mieszkanie z ogrodem - stan deweloperski,1430000.0,Sopot,Dolny Sopot, 3,68.4,3,3,1.0,2.0,Wtórny,,Kamienica,Cegła,1896.0,,09.06.2022,28.11.2023,morizon-EC401354,2 754,0,,,,,,,,,,,,,,,,,,,,,,,,Sprzedaży
Mieszkanie tuż przy plaży w najlepszej lokalizacji,1490000.0,Sopot,Dolny Sopot, 3,63.3,1,2,1.0,2.0,Wtórny,,Kamienica,Cegła,1900.0,,27.10.2021,11.03.2024,morizon-EC802698,3 833,0,,,,,,,,,,,,,,,,,,,,,,,,Sprzedaży
Mieszkanie w odrestaurowanej kamienicy,2890000.0,Sopot,Dolny Sopot, 5,106.0,2,2,1.0,4.0,Wtórny,Na wyłączność,Kamienica,Cegła,1890.0,Co Miejskie,15.02.2022,20.12.2023,morizon-WH735649,2 239,0,,,Tak,,,,,,,,,,,,,,,,,,,,,Sprzedaży
Przestronne mieszkanie5 minut spacerem od plaży,1390000.0,Sopot,Dolny Sopot, 3,69.0,3,3,,3.0,Wtórny,Na wyłączność,,,1957.0,,22.11.2023,12.01.2024,morizon-NN596708,425,0,,,,,,,,,17.11.2023,,,,,,,,,,,,,,,Sprzedaży
Dwupoziomowy apartament z 2 balkonami blisko plaży,2390000.0,Sopot,Karlikowo, 4,114.16,3,3,2.0,2.0,Wtórny,,,,2007.0,,12.04.2021,17.11.2023,morizon-EC281982,4 417,0,,,Tak,,,,,,,,,,,,,,,,,,,,,Sprzedaży
Ekskluzywny niewielki Apartament z dwoma balkonami,2500000.0,Sopot,Dolny Sopot, 2,75.0,3,3,,1.0,Wtórny,Na wyłączność,,,2004.0,,15.02.2023,24.05.2023,morizon-EC547263,1 398,0,,,Tak,,,,,,09.02.2023,,,,,,,,,,,,,,,Sprzedaży
Fenomenalny apartament w Sopocie Dolnym,2950000.0,Sopot,Dolny Sopot, 2,112.0,3,3,1.0,,Wtórny,,Kamienica,,1903.0,Gazowe,18.09.2023,30.11.2023,morizon-DJ649268,198,0,,,,,,,,,18.09.2023,,,,,,,,,,,,,,,Sprzedaży
Kawalerka w Górnym Sopocie po generalnym remoncie,520000.0,Sopot,Górny Sopot, 1,17.0,1,10,,,Wtórny,Na wyłączność,Wieżowiec,WIELKA PŁYTA,1970.0,C.O. Z SIECI MIEJSKIEJ,01.10.2022,17.02.2024,morizon-21496/2089/OMS,2 081,0,ANEKS KUCHENNY,1.0,,,SPÓŁDZIELCZE WŁASNOŚCIOWE,,BARDZO WYSOKI STANDARD,,,250 cm,,,,,,,,,,,,,,Sprzedaży
Zainwestuj w Sopocie! Mieszkanie na sprzedaż,1380000.0,Sopot,Dolny Sopot, 4,92.0,1,2,,3.0,Wtórny,,Kamienica,,1913.0,,05.06.2023,07.08.2023,morizon-DH990572,261,0,,,,,,,,,,,,,,,,,,,,,,,,Sprzedaży
Sopocki apartament,1392976.0,Sopot,Dolny Sopot, 4,66.97,3,3,1.0,,Pierwotny,,Blok,Zróżnicowany,2024.0,Miejskie,04.09.2023,08.03.2024,morizon-40,537,0,Aneks,2.0,Nie,Tak,Własność,Rozpoczęta budowa,Do wykończenia,,30.06.2024,265 cm,Tak,,,55 m²,,"3,33 m²",,,,,,,,Sprzedaży
Mieszkanie - Sopot,1249000.0,Sopot,Karlikowo, 3,56.0,3,11,,,Wtórny,,,,1978.0,C.o. miejskie,10.11.2022,10.11.2022,morizon-KJ04221,1 121,0,Osobna,1.0,Tak,Nie,Własność,Wysoki standard,,,,,,,,,,,,,,,,,,Sprzedaży
Elegancki apartament w sercu Sopotu,7000000.0,Sopot,Dolny Sopot, 5,181.82,2,3,,2.0,Wtórny,,,,2005.0,,15.10.2022,29.12.2022,morizon-EC735198,2 234,0,,,,,,,,,,,,,,,,,,,,,,,,Sprzedaży
3-pok.do własnej aranżacji w Sopocie Górnym,999000.0,Sopot,Górny Sopot, 3,66.1,3,3,1.0,,Wtórny,,Kamienica,Cegła,1890.0,Gazowe,09.02.2024,09.02.2024,morizon-DJ139289,297,0,,,,,,,,,09.02.2024,,,,,,,,,,,,,,,Sprzedaży
Unikatowy apartament nad morzem- SOPOT,2950000.0,Sopot,Dolny Sopot, 2,112.0,3,3,,,Wtórny,,Kamienica,,,,19.10.2023,09.01.2024,morizon-212841,159,0,,,Tak,,,,,,,,,,,,,,,,,,,,,Sprzedaży
mieszkanie 57 m2 w Dolnym Sopocieblisko morza,1150000.0,Sopot,Dolny Sopot, 3,57.0,2,2,1.0,,Wtórny,,Kamienica,Cegła,1920.0,Gazowe,26.02.2024,03.04.2024,morizon-1538357454,304,0,Półotwarta,,Nie,Tak,Własność,,Do remontu,,Kwiecień 2024,,Tak,,,,,,,,,,,,,Sprzedaży
INWESTYCYJNE MIESZKANIE W SOPOCIE,999000.0,Sopot,Górny Sopot, 3,66.1,3,3,,3.0,Wtórny,,Kamienica,Cegła,1890.0,Gazowe,13.02.2024,11.03.2024,morizon-PAN500676,136,0,,,Nie,Nie,,,,,,,,,,,,,,,,,,,,Sprzedaży
Mieszkanie - Sopot Centrum,1100000.0,Sopot,Dolny Sopot, 3,87.4,3,3,,,Wtórny,,,,,Gazowe,07.05.2020,06.07.2022,morizon-NY017934,4 752,0,Półotwarta,2.0,Nie,Nie,Własność,Bardzo dobry,,,,,,,,,,,,,,,,,,Sprzedaży
Komfortowe 4 Pokoje Nowa Inwestycja 1 5 km od Molo,2284375.0,Sopot,Górny Sopot, 5,106.25,2,3,,4.0,Pierwotny,,Apartamentowiec,,2024.0,Co Miejskie,23.03.2023,05.06.2023,morizon-956142,403,0,,,Tak,,,,,,,,,,,,,,,,,,,,,Sprzedaży
Unikatowy apartament ok.150 m2 z tarasemSopot,5320000.0,Sopot,Dolny Sopot, 3,150.0,3,3,,,Wtórny,,Kamienica,CEGŁA,1906.0,C.O. GAZOWE,02.04.2024,02.04.2024,morizon-5598/1826/OMS,221,0,ODDZIELNA,2.0,,,WŁASNOŚĆ,,BARDZO WYSOKI STANDARD,,,340 cm,,,,,,,,,,,,,,Sprzedaży
Mieszkanie - Sopot Dolny,499000.0,Sopot,Dolny Sopot, 1,19.4,3,3,,,Wtórny,,,,1900.0,Elektryczne,24.09.2023,05.04.2024,morizon-CN0769,757,0,Półotwarta,1.0,Nie,Nie,Własność,Dobry,,,,,,,,,,,,,,,,,,Sprzedaży
Parkowa w najlepszym wydaniu,6600000.0,Sopot,Dolny Sopot, 4,122.0,1,3,,3.0,Wtórny,Na wyłączność,,,,,05.03.2024,04.03.2024,morizon-529264795,140,0,,,Tak,,,,,,,,,,,,,,,,,,,,,Sprzedaży
Opis nieruchomości,1500000.0,Sopot,Górny Sopot, 4,73.27,2,2,,,Wtórny,,Kamienica,,1915.0,Gazowe,28.11.2023,18.01.2024,morizon-833478,211,0,,,,,,,,,,,,,,,,,,,,,,,,Sprzedaży
Mieszkanie 70m2 Sopot! 300 metrów od morza,1260000.0,Sopot,Dolny Sopot, 3,70.0,3,3,1.0,,Wtórny,,Kamienica,Cegła,,Co Własne,14.09.2023,31.12.2023,morizon-DJ524401,763,0,,,,,,,,,13.09.2023,,,,,,,,,,,,,,,Sprzedaży
Apartament z dużym ogrodem w sercu Sopotu,2337500.0,Sopot,Górny Sopot, 5,106.25,3,3,1.0,4.0,Pierwotny,,Apartamentowiec,Silikat,2023.0,Co Miejskie,07.08.2023,30.11.2023,morizon-TC550387,307,0,,,,,,,,,,,,,,,,,,,,,,,,Sprzedaży
Inwestycyjne 3 mieszkania w jednym Sopot koło UG,1649000.0,Sopot,Górny Sopot, 5,93.1,2,3,,,Wtórny,Na wyłączność,,,1950.0,,12.01.2022,14.05.2023,morizon-980811,2 657,0,,,Tak,,,,,,,,,,,,,,,,,,,,,Sprzedaży
Dwa apaartamenty Sopot,2290000.0,Sopot,Karlikowo, 3,74.0,3,3,1.0,,Wtórny,,Apartamentowiec,Pustak,,Co Miejskie,09.11.2023,04.02.2024,morizon-DJ495680,186,0,,,,Tak,,,,,09.11.2023,,,,,,,,,,,,,,,Sprzedaży
Sopot DolnySopot GórnySopot Wyścigi,1500000.0,Sopot,Dolny Sopot, 3,80.0,3,3,1.0,,Wtórny,,Kamienica,Cegła,1900.0,,01.12.2023,16.04.2024,morizon-SE0000,610,0,Otwarta,1.0,Tak,Tak,Własność,Bardzo dobry,,,,300 cm,Nie,,4 m²,100 m²,Tak,4 m²,,10 m²,,4 m²,,,,Sprzedaży
Mieszkanie - Sopot,1880000.0,Sopot,Dolny Sopot, 3,81.0,1,2,1.0,,Wtórny,,Kamienica,,1910.0,Gazowe,21.11.2023,02.02.2024,morizon-HL0813,238,0,Osobna,1.0,Nie,Nie,Własność,Bardzo dobry,Bardzo dobry,,,,Nie,,,,Tak,,,,,,,,,Sprzedaży
